样本文件,样本最大等位基因数,样本总特异等位基因数,每位点平均等位基因数,每位点等位基因数标准差,等位基因数大于2的位点数,等位基因数大于3的位点数,等位基因数大于4的位点数,等位基因数大于5的位点数,等位基因数大于6的位点数,等位基因计数分布熵,平均峰高,峰高标准差,最小峰高,最大峰高,峰高变异系数,峰高分位数比率,平均峰高比,峰高比标准差,最小峰高比,峰高比中位数,可计算峰高比的位点数,严重失衡位点数,严重失衡位点比例,峰高分布偏度,峰高分布峭度,峰高分布多峰性,饱和峰数量,饱和峰比例,位点间平衡熵,平均位点等位基因熵,峰高分布熵,有效等位基因位点数,无有效等位基因位点数,峰高片段大小相关性,峰高片段大小回归斜率,加权峰高片段大小斜率,峰高比片段大小斜率,片段大小加权位点丢失评分,RFU每碱基对降解指数,小大片段信息完整度比率,等位基因多样性指数,峰模式复杂度,杂合率,峰聚类系数,贡献者人数,预测贡献者人数
A02_RD14-0003-44_45-1;1-M4d-0.031IP-Q0.9_001.5sec.fsa,2,6,1.1666666666666667,0.408248290463863,1,0,0,0,0,0.4505612086663046,70.85714285714286,20.883544933262453,52.0,110.0,0.2947274486549136,1.490909090909091,0.5181818181818182,0.0,0.5181818181818182,0.5181818181818182,1,1,1.0,0.8787992366139125,2.1880998097341897,0,0,0.0,1.688994955019572,0.6419054139907961,1.4750763105546947,6,14,-0.2841958861937915,-0.0901139341613214,-0.0901139341613214,0.0,0.7,-0.10266472429905586,5.0,0.8163265306122449,0.0,0.16666666666666666,0.23468262554044808,2,2
A03_RD14-0003-46_47_48-1;1;1-M3S10-0.045IP-Q1.4_001.5sec.fsa,2,7,1.1666666666666667,0.408248290463863,1,0,0,0,0,0.4505612086663046,63.857142857142854,19.917175441086535,50.0,110.0,0.3119020762586258,1.2815533980582525,0.4727272727272727,0.0,0.4727272727272727,0.4727272727272727,1,1,1.0,1.629899580644456,4.209574679738432,1,0,0.0,1.675681718931429,0.6276116831595444,0.9556998908125343,6,14,-0.18986147202475884,-0.07715334614703726,-0.07715334614703726,0.0,0.7,-0.11365720382213879,2.0,0.8571428571428572,0.0,0.16666666666666666,0.2725026059856362,3,5
A06_RD14-0003-30_31_32_33_34-1;1;1;1;1-M1S30-0.315IP-Q2.4_001.5sec.fsa,3,15,2.090909090909091,0.8312094145936334,8,4,0,0,0,1.0900596584107838,173.7391304347826,138.46431572675553,55.0,531.0,0.7969667822110554,2.8193548387096774,0.7021180861083357,0.24467469865366584,0.4369114877589454,0.7101706722396377,4,2,0.5,1.545428121671096,4.184996522546783,3,0,0.0,2.090151292321129,0.8634548428130187,2.257927226191814,11,9,-0.6235002043317043,-1.9462560550656205,-1.9462560550656205,0.0024605018915457894,0.45,-2.355176593534051,1.75,0.9111531190926275,0.10735631219146557,0.36363636363636365,0.6580315630682022,5,5
A07_RD14-0003-30_31_32_33_34-1;1;1;1;1-M2d-0.075IP-Q2.8_001.5sec.fsa,2,9,1.4285714285714286,0.5345224838248488,3,0,0,0,0,0.6829081045004717,73.3,36.682557162771516,51.0,180.0,0.5004441632028857,1.2522935779816513,0.7577276849332816,0.07630788442969427,0.6506024096385542,0.8,3,0,0.0,2.3894171518363194,7.197382595847161,0,0,0.0,1.8569789499116545,0.6819786796108809,1.4184836614456566,7,13,-0.28916021225180116,-0.32929237498139247,-0.32929237498139247,0.001312653712432038,0.65,-0.5655722151329886,6.0,0.8799999999999999,0.0,0.42857142857142855,0.451600812874284,5,5
A07_RD14-0003-46_47_48-1;1;1-M4d-0.045IP-Q0.6_001.5sec.fsa,2,12,1.4166666666666667,0.5149286505444373,5,0,0,0,0,0.6791932657915256,78.23529411764706,18.48856375220577,54.0,117.0,0.23631998781014896,1.421875,0.8037945306327658,0.1386543529844595,0.5686274509803921,0.8088235294117647,5,1,0.2,0.5076396424276614,2.169116214002638,3,0,0.0,2.4014192514897297,0.6822773277851799,2.476247131683033,12,8,-0.47519171079707284,-0.10930460506259963,-0.10930460506259963,0.0006243566123272428,0.4,-0.14806411443485215,1.0,0.9065743944636678,0.0,0.4166666666666667,0.1805082962890261,3,3
B01_RD14-0003-40_41_42_43-1;1;1;1-M3a-0.5IP-Q0.9_002.5sec.fsa,4,24,2.5625,0.6291528696058958,16,8,1,0,0,0.8815322608881637,432.8536585365854,217.1765114388788,185.0,1120.0,0.5017319529494579,1.964705882352941,0.4571742786880155,0.13881029180460658,0.26473988439306356,0.431835811247576,8,7,0.875,1.2334037097817492,4.0339611104521325,3,0,0.0,2.729225093772443,0.8587639900592549,2.512913507910784,16,4,0.013220610720434095,0.041637514162450796,0.041637514162450796,0.00033312726431775937,0.2,0.1057862391432358,0.7777777777777778,0.9458655562165378,0.13219004352231242,0.5,0.38730696375980456,4,3
B01_RD14-0003-44_45-1;1-M2S30-0.25IP-Q3.0_002.5sec.fsa,4,14,1.9090909090909092,1.0444659357341868,6,3,1,0,0,1.2406842915533958,137.42857142857142,81.05880959059847,53.0,335.0,0.5898250178110076,1.975,0.4851535760911754,0.2163175678858875,0.22916666666666666,0.46808510638297873,3,2,0.6666666666666666,1.1633782100382992,3.1514799725631466,1,0,0.0,2.1343983068055064,0.8811490340745886,2.3756465469342483,11,9,-0.546052653405105,-0.9932385520049475,-0.9932385520049475,-0.01215757128372084,0.45,-1.3370878868348206,2.6666666666666665,0.9024943310657597,0.0746404092302383,0.2727272727272727,0.4894014102785055,2,2
B01_RD14-0003-44_45-1;1-M3a-0.25IP-Q0.5_002.5sec.fsa,4,22,2.6875,0.704154339142587,16,9,2,0,0,0.9832739439463889,313.4651162790698,123.97999629295217,150.0,645.0,0.39551449221729673,1.696035242290749,0.6352272265612705,0.17977487786194501,0.3466666666666667,0.6577540106951871,7,3,0.42857142857142855,1.0016866442798253,3.3733398709007294,2,0,0.0,2.748695135209765,0.9273334507581256,2.4091713554944856,16,4,-0.05949142683720541,-0.10490191433056564,-0.10490191433056564,0.0007840633255832135,0.2,-0.06387653926345079,0.7777777777777778,0.9367225527312061,0.1375967910312828,0.4375,0.3004960906070134,2,2
B02_RD14-0003-40_41_42_43-1;1;1;1-M2e-0.5IP-Q3.2_002.5sec.fsa,3,17,1.7857142857142858,0.6992932067530679,9,2,0,0,0,0.9922819745525737,164.96,109.62827372534879,56.0,508.0,0.6645748892176818,2.525,0.6766306124323991,0.1921504238239999,0.42322834645669294,0.7128712871287128,7,3,0.42857142857142855,1.8938434778981754,6.424015721485095,2,0,0.0,2.3716372537681374,0.7547015239906716,2.2343358068055115,14,6,-0.6364136201483388,-1.0562466113943507,-1.0562466113943507,0.0017706336261780172,0.3,-1.4075014917806348,1.0,0.9279999999999999,0.03006870458713821,0.5,0.5170126808157878,4,5
B02_RD14-0003-44_45-1;1-M2e-0.25IP-Q0.8_002.5sec.fsa,4,23,2.4375,0.7274384280931732,16,5,2,0,0,0.8314025201956379,166.12820512820514,94.99991349177694,50.0,429.0,0.5718469865996759,2.4021164021164023,0.5950585158770125,0.18261459673749908,0.3135593220338983,0.5690376569037657,11,7,0.6363636363636364,0.9785557901206379,3.137335412299075,2,0,0.0,2.663227056342599,0.8176953829116138,2.4932364571078987,16,4,-0.67875305368187,-0.9000374865663716,-0.9000374865663716,0.0001235839321396161,0.2,-1.1629342919586805,0.7777777777777778,0.9388560157790927,0.07079217607385466,0.6875,0.43454652511709374,2,2
B05_RD14-0003-40_41_42_43-1;1;1;1-M3S10-0.06IP-Q1.5_002.5sec.fsa,2,3,1.5,0.7071067811865476,1,0,0,0,0,0.6931471803599453,63.666666666666664,8.219218670625303,53.0,73.0,0.12909767545484768,1.0,0.8153846153846154,0.0,0.8153846153846154,0.8153846153846154,1,0,0.0,-0.23906314692954395,1.4999999999999998,0,0,0.0,0.665130365591232,0.6879673025582167,1.0986122883681095,2,18,-0.8967001213922299,-0.7961618680941674,-0.7961618680941674,0.0,0.9,-0.4140786749482403,2000.0,0.6666666666666667,0.0,0.5,0.12634144008388667,4,4
B06_RD14-0003-30_31_32_33_34-1;1;1;1;1-M2S30-0.155IP-Q2.9_002.5sec.fsa,2,9,1.4285714285714286,0.5345224838248488,3,0,0,0,0,0.6829081045004717,104.5,60.23329643975996,50.0,206.0,0.5763951812417221,3.1658536585365855,0.8080336202717399,0.22830140436752358,0.4854368932038835,0.9578947368421052,3,1,0.3333333333333333,0.683360190352947,1.7413147199752188,2,0,0.0,1.7382769805913927,0.6726344434885666,1.2798542254336676,7,13,-0.6993033957034421,-1.0010943709902094,-1.0010943709902094,-0.0036827963056670575,0.65,-0.9131163107033783,6.0,0.8799999999999999,0.0,0.42857142857142855,0.5035964698508926,5,3
B06_RD14-0003-30_31_32_33_34-1;1;1;1;1-M2a-0.625IP-Q0.7_002.5sec.fsa,3,20,2.25,0.4472135954999579,16,4,0,0,0,0.5623351444188083,638.5833333333334,285.7170681908163,196.0,1478.0,0.4474233091856708,1.7309616453585326,0.619511239754653,0.17999606146530747,0.33676975945017185,0.6171606146652233,12,6,0.5,1.070015332011957,3.6449304972944785,2,0,0.0,2.7344666070071733,0.759146127519138,2.321879636745844,16,4,0.0018264974038397616,0.007728224399207459,0.007728224399207459,2.6377902597756377e-06,0.2,-0.07987185480623354,0.7777777777777778,0.9135802469135802,0.05373734427292522,0.75,0.34804164374934954,5,5
B06_RD14-0003-46_47_48-1;1;1-M2a-0.375IP-Q0.4_002.5sec.fsa,6,26,2.6875,1.1954775893619531,16,6,2,2,1,0.9868994484385301,536.6279069767442,305.6442698404747,183.0,1571.0,0.5695646198544058,2.116427432216906,0.606945321736374,0.24876321580524427,0.19669000636537237,0.6308744574250559,10,5,0.5,1.4235085275058463,4.826853302654129,2,0,0.0,2.752178582928789,0.8703904439822132,2.491436691064626,16,4,-0.11616056174140774,-0.5222325080803134,-0.5222325080803134,-0.0006627854012976029,0.2,-0.4712400800396385,0.7777777777777778,0.9432125473228772,0.10311182173129467,0.625,0.4321799378993246,3,5
B07_RD14-0003-30_31_32_33_34-1;1;1;1;1-M1e-0.625IP-Q1.9_002.5sec.fsa,4,22,2.375,0.7187952884282609,16,4,2,0,0,0.7356219394587946,216.55263157894737,178.27871398878736,59.0,853.0,0.823258127545743,2.4629156010230178,0.6523337720345522,0.1584425640386647,0.37631887456037516,0.635576923076923,12,4,0.3333333333333333,1.8928189852707384,6.1881523591564696,2,0,0.0,2.5780140477026072,0.8029070156575352,2.479593621139213,16,4,-0.6002252644407253,-1.4673757574221433,-1.4673757574221433,1.023309944537745e-05,0.2,-2.1086619810655907,0.7777777777777778,0.925207756232687,0.047277290133809394,0.75,0.6354317857461818,5,5
B07_RD14-0003-46_47_48-1;1;1-M2e-0.375IP-Q1.0_002.5sec.fsa,5,21,2.375,0.806225774829855,16,4,1,1,0,0.7029189304735104,205.6578947368421,161.1131142879681,57.0,617.0,0.7834034987770682,3.3862928348909658,0.5318582367202445,0.20134869941528474,0.24169184290030213,0.538743367303967,12,8,0.6666666666666666,1.2096876584381095,3.36840785028082,2,0,0.0,2.6034578872736818,0.7667625489882022,2.492178910820126,16,4,-0.6960434810364148,-1.566779913054861,-1.566779913054861,-0.001925020265800192,0.2,-1.85890376969594,0.7777777777777778,0.9362880886426592,0.05943976760357869,0.75,0.594423072767076,3,3
C01_RD14-0003-40_41_42_43-1;1;1;1-M3a-0.252IP-Q0.9_003.5sec.fsa,5,25,2.9375,1.0626225419530053,16,9,4,2,0,1.245016888852439,207.0,131.3011804973588,75.0,766.0,0.6343052197940039,1.6818181818181819,0.39767235527015776,0.11929707945163619,0.24151436031331594,0.3904282115869018,7,7,1.0,2.245369096123424,8.57232214821447,1,0,0.0,2.7362999083808353,0.9604887780758271,2.287539500229783,16,4,-0.07460455184198558,-0.1463496744191882,-0.1463496744191882,-0.0008696760335504152,0.2,-0.002390636436481001,0.7777777777777778,0.9434133091896786,0.13162210852350092,0.4375,0.48969631578536693,4,4
C01_RD14-0003-44_45-1;1-M2S30-0.126IP-Q3.0_003.5sec.fsa,3,12,1.75,0.7071067811865476,5,1,0,0,0,0.9743147525693494,96.71428571428571,35.2368082133048,52.0,171.0,0.3643392282025607,1.6452702702702702,0.6417837995250464,0.17150264751171912,0.4093567251461988,0.6747796474358974,4,2,0.5,0.811194468680721,2.4471749112037013,2,0,0.0,1.9696267902615834,0.744190032445281,2.3046193837206714,8,12,-0.4107463594182953,-0.43712582851370757,-0.43712582851370757,0.001689732663925101,0.6,-0.8136450888366499,7.0,0.9081632653061225,0.014024702895294556,0.5,0.3241999754314846,2,2
C01_RD14-0003-44_45-1;1-M3a-0.126IP-Q0.5_003.5sec.fsa,4,22,2.375,0.6191391873668903,16,5,1,0,0,0.7774621316109289,166.81578947368422,70.36628052485827,52.0,336.0,0.42182026501729203,1.714902807775378,0.5695058877431066,0.2549088939072028,0.22127659574468084,0.515625,11,6,0.5454545454545454,0.9348095975771955,2.9886138262450888,1,0,0.0,2.7505537247179896,0.7850469721695923,2.3683277119654864,16,4,-0.09540905462388853,-0.1005522379911986,-0.1005522379911986,0.0004167503002427551,0.2,-0.19644868622036674,0.7777777777777778,0.9349030470914128,0.04737966155962027,0.6875,0.32823522102055563,2,2
C02_RD14-0003-40_41_42_43-1;1;1;1-M2e-0.252IP-Q3.2_003.5sec.fsa,3,15,1.7272727272727273,0.6466697906828632,7,1,0,0,0,0.9164648852394712,103.3157894736842,61.11339988439002,52.0,284.0,0.5915204267974582,1.8278688524590163,0.6392582184476792,0.2347402774804844,0.2669683257918552,0.6485642946317104,6,3,0.5,1.6708208554576751,5.007575804778676,1,0,0.0,2.1709096258114995,0.7078590797082206,2.3510808222226047,11,9,-0.5926833482911524,-0.7343565814274273,-0.7343565814274273,0.003783365763859548,0.45,-1.0271967917284142,1.75,0.9196675900277008,0.004294340845212093,0.5454545454545454,0.49312691900396904,4,5
C06_RD14-0003-30_31_32_33_34-1;1;1;1;1-M2S30-0.075IP-Q2.9_003.5sec.fsa,1,4,1.0,0.0,0,0,0,0,0,-1.000000082690371e-10,72.25,20.141685629559408,50.0,97.0,0.27877765577244856,1.6651162790697673,0.0,0.0,0.0,0.0,0,0,0.0,0.06797859611841223,1.1486599093002479,0,0,0.0,1.3470998825326048,0.0,0.6931471803599453,4,16,-0.7687372530421396,-0.6237836889584696,-0.6237836889584696,0.0,0.8,-0.6237836889584694,4000.0,0.75,0.0,0.0,0.26053444597869957,5,4
C06_RD14-0003-30_31_32_33_34-1;1;1;1;1-M2a-0.315IP-Q0.7_003.5sec.fsa,3,19,2.25,0.4472135954999579,16,4,0,0,0,0.5623351444188083,365.75,178.6947078430447,171.0,917.0,0.48857062978276067,1.6264940239043826,0.5703421480631936,0.17180224786528284,0.29318181818181815,0.5572892271662764,12,8,0.6666666666666666,1.542526895490308,5.020815685392953,3,0,0.0,2.725694136813761,0.7491565519647966,2.45976315905354,16,4,-0.06542981419079474,-0.1693718107286158,-0.1693718107286158,-0.0005150555330200572,0.2,-0.3187277671686836,0.7777777777777778,0.9027777777777777,0.06450779634581755,0.75,0.38002977867022253,5,5
C06_RD14-0003-46_47_48-1;1;1-M3a-0.189IP-Q0.5_003.5sec.fsa,4,22,2.3125,0.6020797289396148,16,4,1,0,0,0.7029189304735104,282.3783783783784,190.97578045839916,89.0,877.0,0.676311626814775,2.1543624161073827,0.5153036913804095,0.23093839352075066,0.12958715596330275,0.5157317903856604,12,7,0.5833333333333334,1.7373612732453965,5.65816081447182,2,0,0.0,2.7120980541395934,0.7372306428256523,2.4682794253387685,16,4,-0.07465138360186171,-0.20289605145094325,-0.20289605145094325,2.626960590625746e-05,0.2,-0.4062683045138513,0.7777777777777778,0.9364499634769905,0.07372333465578125,0.75,0.5131852624270513,3,5
C07_RD14-0003-30_31_32_33_34-1;1;1;1;1-M1e-0.315IP-Q1.9_003.5sec.fsa,3,18,1.8125,0.6551081335677849,11,2,0,0,0,0.9470571519825082,135.3448275862069,93.48032279099279,52.0,489.0,0.6906826397296283,2.611940298507463,0.5654090388841043,0.20965621572699897,0.17791411042944785,0.6082474226804123,9,4,0.4444444444444444,1.9902033857079737,7.6231103239368485,2,0,0.0,2.5426774367541776,0.708298145823811,2.3751446731717527,16,4,-0.5218097778659145,-0.7553342654461427,-0.7553342654461427,0.0007768908497773083,0.2,-1.0800663862940223,0.7777777777777778,0.915576694411415,0.03255679369891728,0.5625,0.5373649073624454,5,4
C07_RD14-0003-46_47_48-1;1;1-M2e-0.189IP-Q1.0_003.5sec.fsa,3,19,1.9375,0.5737304826019501,13,2,0,0,0,0.8314025201956379,151.25806451612902,99.7199199506477,56.0,443.0,0.6592701041736145,2.776315789473684,0.620124434127521,0.2327590785262495,0.20738636363636365,0.6568047337278107,11,5,0.45454545454545453,1.2471398400774807,3.7223361823477488,3,0,0.0,2.5647864398022544,0.7046007402355391,2.4529759318863555,16,4,-0.619674175748406,-0.8911493451851243,-0.8911493451851243,0.0011839239393044054,0.2,-1.1793752439206904,0.7777777777777778,0.9219562955254942,0.03404541586963116,0.6875,0.5008079419344446,3,3
D01_RD14-0003-40_41_42_43-1;1;1;1-M3a-0.124IP-Q0.9_004.5sec.fsa,3,22,2.1875,0.4031128874149275,16,3,0,0,0,0.4825775649770121,194.62857142857143,102.16375810133334,67.0,526.0,0.5249165492581719,2.008510638297872,0.6179136442975917,0.23228158660417053,0.22813688212927757,0.5597826086956522,13,8,0.6153846153846154,1.3276283595992089,4.769286807837738,3,0,0.0,2.7040608869824574,0.7213433705171053,2.5845548348232517,16,4,-0.017844243662977127,-0.025556928613569695,-0.025556928613569695,0.0013519447291430022,0.2,-0.10018876018576066,0.7777777777777778,0.9371428571428572,0.05365361418490422,0.8125,0.4032146473126647,4,5
D01_RD14-0003-44_45-1;1-M3S30-0.062IP-Q3.1_004.5sec.fsa,2,8,1.5,0.5477225575051661,3,0,0,0,0,0.6931471803599453,69.0,13.73559851869101,50.0,87.0,0.19906664519842043,1.3166666666666667,0.8415608350134759,0.061638983736081565,0.759493670886076,0.8571428571428571,3,0,0.0,-0.10418879122107641,1.5053939991759169,2,0,0.0,1.6945557252107826,0.6886489456010381,1.5810937496718234,6,14,-0.5349222021306275,-0.2734161564184124,-0.2734161564184124,-0.007295620966637301,0.7,-0.34881508177543524,6000.0,0.8641975308641976,0.0,0.5,0.18042405387558835,2,3
D01_RD14-0003-44_45-1;1-M3a-0.062IP-Q0.5_004.5sec.fsa,4,21,2.25,0.6831300510639732,15,4,1,0,0,0.918045917665631,116.44444444444444,52.84224133338595,53.0,256.0,0.4537978740462534,2.013937282229965,0.6280403126621624,0.16242615547532926,0.46808510638297873,0.558282208588957,11,7,0.6363636363636364,0.9734720846617938,3.185587964555389,3,0,0.0,2.724031656003008,0.7893249210434455,2.4982713356513147,16,4,0.31780419651881475,0.23900251373208875,0.23900251373208875,0.0004997624659602276,0.2,0.23308530530998547,0.7777777777777778,0.9336419753086419,0.052315211584770586,0.6875,0.34478201076412196,2,2
D02_RD14-0003-40_41_42_43-1;1;1;1-M2e-0.124IP-Q3.2_004.5sec.fsa,4,15,2.4285714285714284,0.9759000729485333,6,3,1,0,0,1.277034259066139,86.88235294117646,31.443473750883367,57.0,190.0,0.36190863491199543,1.5076923076923077,0.6141731643924627,0.20833556224401614,0.3263157894736842,0.7037037037037037,3,1,0.3333333333333333,1.9548777965073687,7.033471433527581,2,0,0.0,1.8310842358959798,0.9110809626572736,2.0069548914107656,7,13,-0.5200232566158972,-0.6261104687065874,-0.6261104687065874,0.007512814382625552,0.65,-1.1119138743776416,7000.0,0.9273356401384083,0.08438229901981766,0.42857142857142855,0.3333612817901372,4,4
D02_RD14-0003-44_45-1;1-M4e-0.062IP-Q1.3_004.5sec.fsa,2,8,1.2222222222222223,0.4409585518440984,2,0,0,0,0,0.5297061988576545,93.9090909090909,43.18765510790101,52.0,195.0,0.4598879053116274,1.7575757575757576,0.7287924841116331,0.15432439900525002,0.574468085106383,0.7287924841116331,2,1,0.5,1.1681268136532097,3.1623733270852465,1,0,0.0,2.0651086268819014,0.6736928331655194,1.8937882316911379,9,11,-0.5468351102283782,-0.4884226040742446,-0.4884226040742446,0.021758815510081093,0.55,-0.6837591179268189,2.0,0.859504132231405,0.0,0.2222222222222222,0.39743052889125524,2,2
D06_RD14-0003-46_47_48-1;1;1-M3a-0.093IP-Q0.5_004.5sec.fsa,3,21,2.375,0.5,16,6,0,0,0,0.6615632379579821,172.44736842105263,108.1292349017749,50.0,506.0,0.6270274570833887,1.9974489795918366,0.5541188240213395,0.19757084364254565,0.24754901960784315,0.5884988403963736,10,6,0.6,1.567075764335188,4.768804673529807,1,0,0.0,2.7130637804348625,0.7962487909550574,2.501834177671376,16,4,-0.15241390029978866,-0.22567364063840406,-0.22567364063840406,-0.0008259669284361231,0.2,-0.16806473312401085,0.7777777777777778,0.9335180055401663,0.09572882787571052,0.625,0.47580724525858786,3,5
E01_RD14-0003-40_41_42_43-1;1;1;1-M4a-0.06IP-Q0.7_001.5sec.fsa,3,19,1.8,0.5606119105813882,11,1,0,0,0,0.8033149758408755,100.44444444444444,52.654241384740025,53.0,303.0,0.52421258015781,1.9112903225806452,0.7214827593154223,0.19279646615419893,0.29042904290429045,0.7556229005403827,10,2,0.2,2.126268704240842,8.50869387173697,2,0,0.0,2.6029786866068267,0.7007220906932218,2.1846394624995233,15,5,-0.01288950338758598,-0.009725516594737119,-0.009725516594737119,0.000638234852897312,0.25,0.006071661040820153,0.875,0.9355281207133059,0.022536171437142028,0.6666666666666666,0.40251138754837285,4,4
E01_RD14-0003-44_45-1;1-M4S30-0.03IP-Q3.2_001.5sec.fsa,1,1,1.0,0.0,0,0,0,0,0,-1.000000082690371e-10,50.0,0.0,50.0,50.0,0.0,1.0,0.0,0.0,0.0,0.0,0,0,0.0,0.0,0.0,1,0,0.0,-1.000000082690371e-10,0.0,-1.000000082690371e-10,1,19,0.0,0.0,0.0,0.0,0.95,0.0,1000.0,0.0,0.0,0.0,0.0,2,4
E01_RD14-0003-44_45-1;1-M4a-0.031IP-Q0.5_001.5sec.fsa,3,16,1.7333333333333334,0.5936168397046637,10,1,0,0,0,0.8532361502557784,91.3076923076923,37.389600807185815,55.0,245.0,0.4094901520584799,1.5608856088560885,0.705483716067872,0.07896380316630003,0.5428571428571428,0.7075471698113207,9,1,0.1111111111111111,2.5743166315435113,11.198517198663557,2,0,0.0,2.62717442159132,0.7169321711568882,2.1618731945069416,15,5,0.07103179141473136,0.03753491347957799,0.03753491347957799,0.00012034002363447363,0.25,0.0471048360289606,1.1428571428571428,0.9201183431952663,0.013654798608981961,0.6,0.3186038128091003,2,4
E02_RD14-0003-40_41_42_43-1;1;1;1-M4e-0.06IP-Q5.6_001.5sec.fsa,1,2,1.0,0.0,0,0,0,0,0,-1.000000082690371e-10,71.5,0.5,71.0,72.0,0.006993006993006993,1.0,0.0,0.0,0.0,0.0,0,0,0.0,0.0,0.0,0,0,0.0,0.6931227290872544,0.0,0.6931471803599453,2,18,-0.9999999999999998,-0.16611295681063135,-0.16611295681063135,0.0,0.9,-0.16611295681063135,2000.0,0.5,0.0,0.0,0.0,4,4
E02_RD14-0003-44_45-1;1-M4e-0.031IP-Q1.3_001.5sec.fsa,2,6,1.2,0.44721359549995804,1,0,0,0,0,0.5004024233381879,66.16666666666667,10.86917149045358,53.0,86.0,0.16426959431415988,1.2155172413793103,0.8255813953488372,0.0,0.8255813953488372,0.8255813953488372,1,0,0.0,0.6160812550246105,2.3067671516527866,1,0,0.0,1.5062873137985278,0.6885761315958554,1.3296613484547581,5,15,-0.4434050461533571,-0.09104999005414724,-0.09104999005414724,0.0,0.75,-0.09561169165819956,1.5,0.8333333333333333,0.0,0.2,0.141950284534695,2,3
E06_RD14-0003-46_47_48-1;1;1-M3a-0.045IP-Q0.5_001.5sec.fsa,3,19,2.1333333333333333,0.35186577527449836,15,2,0,0,0,0.39267446702755215,119.875,66.84064538138452,52.0,297.0,0.5575861971335517,2.142322097378277,0.52793189693294,0.21533853186209345,0.25252525252525254,0.4745098039215686,13,9,0.6923076923076923,1.2065076590753128,3.5425591569230925,3,0,0.0,2.65573140000055,0.6787431691406672,2.542351426621378,15,5,-0.09306508707782672,-0.0822888742369586,-0.0822888742369586,-0.0007086016777046954,0.25,-0.0405425986040048,0.875,0.9296875,0.03321028748342454,0.8666666666666667,0.4236707201679866,3,3
E07_RD14-0003-46_47_48-1;1;1-M3e-0.093IP-Q0.8_001.5sec.fsa,2,10,1.5,0.5270462766947299,5,0,0,0,0,0.6931471803599453,96.73333333333333,30.560250144409633,54.0,157.0,0.3159226410517881,1.6293706293706294,0.6218592818171789,0.1568579751771212,0.34394904458598724,0.6186440677966102,5,1,0.2,0.39124263699840695,2.1116385249259815,3,0,0.0,2.22249819032295,0.65312771441393,2.3383717037035727,10,10,-0.39416754523783415,-0.13308015227268413,-0.13308015227268413,0.0005608765740283746,0.5,-0.19189300892460529,1.5,0.8622222222222222,0.0,0.5,0.24004750035038014,3,3
F01_RD14-0003-44_45-1;1-M2d-0.25IP-Q0.7_002.5sec.fsa,4,21,2.4375,0.8139410298049853,16,4,3,0,0,0.7029189304735104,248.64102564102564,135.5631156210891,67.0,555.0,0.5452162018379371,2.1363636363636362,0.5191791492337369,0.15617863109441268,0.27977315689981097,0.47714886328246653,12,8,0.6666666666666666,0.8383794276083292,2.6314375273073374,2,0,0.0,2.694283179318671,0.7939070202599509,2.562094461824942,16,4,-0.540773759910053,-1.058557968691779,-1.058557968691779,0.0007196039540610259,0.2,-1.6077457536651105,0.7777777777777778,0.9309664694280079,0.06362823140934697,0.75,0.42421637016404373,2,2
F02_RD14-0003-46_47_48-1;1;1-M2S10-0.375IP-Q1.2_002.5sec.fsa,4,20,2.0,0.6546536707079771,13,1,1,0,0,0.6277052568971504,210.56666666666666,159.44919427690928,55.0,625.0,0.7572385354293618,5.430147058823529,0.6075999863674549,0.23847346821932194,0.15538847117794485,0.6792807300053676,12,4,0.3333333333333333,0.7713786795787213,2.486302014945388,2,0,0.0,2.4745421296427357,0.6866790881576605,2.4246763251391066,15,5,-0.6889464989499118,-1.645188450316188,-1.645188450316188,-0.0009673888391813635,0.25,-1.7587501851415486,0.875,0.9333333333333333,0.0044365383649268945,0.8,0.5752513982096232,3,3
F06_RD14-0003-46_47_48-1;1;1-M3d-0.375IP-Q0.5_002.5sec.fsa,4,22,2.375,0.7187952884282609,15,6,1,0,0,1.0337005494525013,299.7368421052632,175.5649054084567,96.0,692.0,0.5857301497384859,2.814569536423841,0.6037913257875505,0.21821968147870674,0.25496688741721857,0.6392961876832844,9,3,0.3333333333333333,0.7335337969836461,2.4152868681420223,2,0,0.0,2.7110242400130087,0.8301780973930266,2.5316663571951707,16,4,-0.5201625201103864,-1.2996041278833315,-1.2996041278833315,-0.0010337805785366153,0.2,-1.2982487770292175,0.7777777777777778,0.9335180055401662,0.10384486649684724,0.5625,0.44499676666081994,3,3
F07_RD14-0003-46_47_48-1;1;1-M3e-0.045IP-Q0.8_002.5sec.fsa,2,9,1.2857142857142858,0.48795003647426666,2,0,0,0,0,0.5982695883852572,71.33333333333333,17.857460314638498,52.0,104.0,0.2503382287098855,1.4333333333333333,0.6469141323792487,0.05076028622540252,0.5961538461538461,0.6469141323792487,2,1,0.5,0.7452875635692169,1.9644480326336369,1,0,0.0,1.8424263564646943,0.668997367667933,1.6769877737224173,7,13,-0.4218499226613757,-0.16883348586297625,-0.16883348586297625,-0.0015217053503830482,0.65,-0.23884333726850895,2.5,0.8888888888888888,0.0,0.2857142857142857,0.21872551718840116,3,3
G01_RD14-0003-44_45-1;1-M3d-0.126IP-Q0.5_003.5sec.fsa,3,19,2.1875,0.75,13,6,0,0,0,1.0433534266422906,154.57142857142858,72.97760349754505,53.0,326.0,0.47212867327432095,1.965,0.5485049631549223,0.13499354611112305,0.3220858895705521,0.5472636815920398,7,6,0.8571428571428571,0.8020490995098701,2.7265689627308465,2,0,0.0,2.640381502248645,0.8438197991424997,2.496141071194753,16,4,-0.5144110449860806,-0.5376631811663414,-0.5376631811663414,-0.00034384386479802,0.2,-0.6910821637002155,1.0,0.9322448979591837,0.0765951617509894,0.4375,0.3586855956599671,2,2
G02_RD14-0003-46_47_48-1;1;1-M2S10-0.189IP-Q1.2_003.5sec.fsa,3,16,1.6923076923076923,0.7510676161988107,7,2,0,0,0,1.0123308388031735,173.36363636363637,88.91136825490133,52.0,373.0,0.5128605405369243,2.030232558139535,0.6417621448224444,0.1772928531225445,0.46648793565683644,0.6,5,3,0.6,0.7752418770283842,2.783432746396086,3,0,0.0,2.3259246629627053,0.7777721763549482,2.161287118576154,13,7,-0.47997724983532597,-0.6117467650681815,-0.6117467650681815,0.0019736843518672153,0.35,-0.992116639950859,1.1666666666666667,0.9173553719008265,0.04138455010181308,0.38461538461538464,0.389184221186445,3,2
G04_RD14-0003-40_41_42_43-1;1;1;1-M1S10-0.5IP-Q1.3_003.5sec.fsa,4,23,2.375,0.8850612031567836,14,6,2,0,0,1.2130075655799042,228.3421052631579,169.40301934732133,55.0,940.0,0.7418825325801788,3.116580310880829,0.5941718369117857,0.19487637660542548,0.22713864306784662,0.6091053777852236,8,4,0.5,2.031510076081548,8.93750645558898,1,0,0.0,2.5139440318562407,0.8678179542283267,2.3946826896402027,16,4,-0.6619114570913045,-1.6344562056832774,-1.6344562056832774,0.00078465712805507,0.2,-2.2786700394000268,0.7777777777777778,0.9349030470914128,0.08977548879696957,0.5,0.5726071951213594,4,4
G06_RD14-0003-46_47_48-1;1;1-M4d-0.189IP-Q0.6_003.5sec.fsa,3,20,2.125,0.5,15,3,0,0,0,0.7029189304735104,158.85294117647058,93.40176731951223,54.0,464.0,0.5879763171381996,2.3806818181818183,0.6417104798176283,0.23906797579982647,0.26455026455026454,0.6616517899990402,12,5,0.4166666666666667,1.3873175435619323,4.77338966858841,3,0,0.0,2.702205643290325,0.7291335686451739,2.552398268408505,16,4,-0.44951123864636316,-0.5958214434522436,-0.5958214434522436,0.000735919463277589,0.2,-0.8187091009390708,0.7777777777777778,0.9325259515570934,0.04533203452143607,0.75,0.4461093913390949,3,5
H01_RD14-0003-44_45-1;1-M4d-0.062IP-Q0.9_004.5sec.fsa,4,15,1.5714285714285714,0.8516306272526403,6,1,1,0,0,0.8760057653431736,99.72727272727273,33.05942558234657,54.0,173.0,0.33149834221131474,1.6923076923076923,0.7612022442349764,0.1963899105151443,0.5059523809523809,0.75,5,2,0.4,0.6408626109022766,2.5713294964693834,3,0,0.0,2.525663435032223,0.7896783260491156,2.2841674480669645,14,6,-0.2913596734016902,-0.14893949211469867,-0.14893949211469867,-0.0010257871117608397,0.3,-0.20086711739481472,1.3333333333333333,0.9132231404958678,0.01379728689424459,0.35714285714285715,0.2598482905257612,2,2
H02_RD14-0003-46_47_48-1;1;1-M3S10-0.093IP-Q1.4_004.5sec.fsa,2,12,1.6,0.5163977794943223,6,0,0,0,0,0.6730116668092565,115.125,43.59741248055898,54.0,213.0,0.37869630819160893,1.797427652733119,0.6155894298381317,0.09414080897419473,0.5070422535211268,0.6029940753279729,6,3,0.5,0.48058243121519867,2.496805284152443,2,0,0.0,2.159649167763256,0.6608185957777762,2.220025326834538,10,10,-0.4583292863563661,-0.38018024412114604,-0.38018024412114604,-0.0003637698493263852,0.5,-0.5214819371232403,2.3333333333333335,0.8828125,0.0,0.6,0.3108301428005907,3,3
H04_RD14-0003-40_41_42_43-1;1;1;1-M2S10-0.252IP-Q1.3_004.5sec.fsa,4,20,2.0714285714285716,1.0716117059605352,9,4,2,0,0,1.2914167687452023,155.79310344827587,95.54106512307348,50.0,473.0,0.6132560621002946,2.732394366197183,0.5131119769801894,0.14730596968915408,0.29381443298969073,0.5243128964059197,5,3,0.6,1.3560699731236268,5.1744995318985465,1,0,0.0,2.3973796196127086,0.8877380500881281,2.3931877127119097,14,6,-0.46746713857292216,-0.8214005981380491,-0.8214005981380491,-0.002685016699990319,0.3,-1.1850427954228608,1.0,0.9369797859690845,0.0761453027084449,0.35714285714285715,0.47715001167775517,4,4
H05_RD14-0003-30_31_32_33_34-1;1;1;1;1-M1S30-0.625IP-Q2.4_004.5sec.fsa,4,18,2.3076923076923075,0.8548504142651104,11,5,1,0,0,1.2047933092947842,276.46666666666664,228.91974333571338,52.0,994.0,0.8280193272331086,2.4584178498985803,0.5914259311727941,0.22855261833100068,0.2806841046277666,0.6325004109814236,6,3,0.5,1.5295724866121632,4.878375381166502,3,0,0.0,2.2525829895690825,0.8590646497283962,2.4450221478437615,13,7,-0.7031131970395933,-2.8775294135118696,-2.8775294135118696,0.001285284754439183,0.35,-3.6500664284645254,1.1666666666666667,0.9177777777777778,0.10141777410258752,0.46153846153846156,0.6442983989066264,5,5
H06_RD14-0003-46_47_48-1;1;1-M4d-0.093IP-Q0.6_004.5sec.fsa,3,19,1.875,0.6191391873668903,12,2,0,0,0,0.9002560509685369,116.5,73.24786686313807,52.0,413.0,0.6287370546192109,1.9779411764705883,0.6970010075355884,0.26594250284057763,0.162227602905569,0.8211039773201034,10,3,0.3,2.345265243889103,9.478352362874192,3,0,0.0,2.661696847556281,0.7138942348958786,2.3671399108487505,16,4,-0.14497611177113068,-0.14549801247012545,-0.14549801247012545,0.0013907516606810342,0.2,-0.2852156062484066,0.7777777777777778,0.9244444444444445,0.03538683224366758,0.625,0.47769555198803787,3,4
