Sample File,Marker,Parent_Allele_Raw,Parent_Allele_Numeric,Parent_Size,Parent_Height_Corrected,Candidate_Stutter_Allele,Candidate_Stutter_Size,Candidate_Stutter_Height_Corrected,Observed_SR,Marker_L_Repeat,Marker_SR_Max_N_Minus_1,ESR_Model_Type,ESR_m,ESR_c,Expected_SR,Expected_Stutter_Height,Assumed_CV_Hs,Calculated_Sigma_Hs,Z_Score,Calculated_Stutter_Score_for_this_Pair
A02_RD14-0003-44_45-1;1-M4d-0.031IP-Q0.9_001.5sec.fsa,CSF1PO,12,12.0,326.78,40.0,11,322.7,31.0,0.775,4,0.3,Allele Regression,0.01144,-0.05766,,,,,,0.0
A02_RD14-0003-44_45-1;1-M4d-0.031IP-Q0.9_001.5sec.fsa,D19S433,14,14.0,120.15,49.0,13,116.15,42.0,0.8571428571428571,4,0.3,Allele Average,0.0,0.08044,,,,,,0.0
A03_RD14-0003-46_47_48-1;1;1-M3S10-0.045IP-Q1.4_001.5sec.fsa,D13S317,12,12.0,231.31,50.0,11,227.21,30.0,0.6,4,0.3,Allele Average,0.0,0.05638,0.05638,2.819,0.25,0.70475,38.56828662646328,1e-323
A03_RD14-0003-46_47_48-1;1;1-M3S10-0.045IP-Q1.4_001.5sec.fsa,D8S1179,14,14.0,146.14,43.0,13,142.01,35.0,0.813953488372093,4,0.3,Allele Average,0.0,0.08246,,,,,,0.0
A06_RD14-0003-30_31_32_33_34-1;1;1;1;1-M1S30-0.315IP-Q2.4_001.5sec.fsa,D13S317,12,12.0,231.18,82.0,11,227.17,78.0,0.9512195121951219,4,0.3,Allele Average,0.0,0.05638,,,,,,0.0
A06_RD14-0003-30_31_32_33_34-1;1;1;1;1-M1S30-0.315IP-Q2.4_001.5sec.fsa,D19S433,16,16.0,128.1,108.0,15,124.15,103.0,0.9537037037037037,4,0.3,Allele Average,0.0,0.08044,,,,,,0.0
A06_RD14-0003-30_31_32_33_34-1;1;1;1;1-M1S30-0.315IP-Q2.4_001.5sec.fsa,D19S433,13.2,13.2,118.26,125.0,12.2,114.3,89.0,0.712,4,0.3,Allele Average,0.0,0.08044,,,,,,0.0
A06_RD14-0003-30_31_32_33_34-1;1;1;1;1-M1S30-0.315IP-Q2.4_001.5sec.fsa,D19S433,13,13.0,116.28,261.0,12,112.2,84.0,0.3218390804597701,4,0.3,Allele Average,0.0,0.08044,0.08044,20.99484,0.25,5.24871,12.003932394817014,5.132159399251593e-32
A06_RD14-0003-30_31_32_33_34-1;1;1;1;1-M1S30-0.315IP-Q2.4_001.5sec.fsa,D19S433,15,15.0,124.15,103.0,14,120.23,76.0,0.7378640776699029,4,0.3,Allele Average,0.0,0.08044,,,,,,0.0
A06_RD14-0003-30_31_32_33_34-1;1;1;1;1-M1S30-0.315IP-Q2.4_001.5sec.fsa,D3S1358,18,18.0,134.52,81.0,17,130.44,57.0,0.7037037037037037,4,0.3,Allele Average,0.0,0.0986,,,,,,0.0
A06_RD14-0003-30_31_32_33_34-1;1;1;1;1-M1S30-0.315IP-Q2.4_001.5sec.fsa,D5S818,11,11.0,148.84,115.0,10,144.78,75.0,0.6521739130434783,4,0.3,Allele Average,0.0,0.07378,,,,,,0.0
A06_RD14-0003-30_31_32_33_34-1;1;1;1;1-M1S30-0.315IP-Q2.4_001.5sec.fsa,D8S1179,13,13.0,142.02,205.0,12,137.85,175.0,0.8536585365853658,4,0.3,Allele Average,0.0,0.08246,,,,,,0.0
A06_RD14-0003-30_31_32_33_34-1;1;1;1;1-M1S30-0.315IP-Q2.4_001.5sec.fsa,D8S1179,12,12.0,137.85,175.0,11,133.73,116.0,0.6628571428571428,4,0.3,Allele Average,0.0,0.08246,,,,,,0.0
A06_RD14-0003-30_31_32_33_34-1;1;1;1;1-M1S30-0.315IP-Q2.4_001.5sec.fsa,TH01,7,7.0,172.72,139.0,6,168.63,55.0,0.39568345323741005,4,0.3,LUS Regression,0.00185,0.00801,0.02096,2.91344,0.25,0.72836,71.5121093964523,0.0
A07_RD14-0003-30_31_32_33_34-1;1;1;1;1-M2d-0.075IP-Q2.8_001.5sec.fsa,D19S433,13,13.0,116.07,83.0,12,112.07,54.0,0.6506024096385542,4,0.3,Allele Average,0.0,0.08044,,,,,,0.0
A07_RD14-0003-30_31_32_33_34-1;1;1;1;1-M2d-0.075IP-Q2.8_001.5sec.fsa,D19S433,16,16.0,127.82,27.0,15,123.86,20.0,0.7407407407407407,4,0.3,Allele Average,0.0,0.08044,,,,,,0.0
A07_RD14-0003-30_31_32_33_34-1;1;1;1;1-M2d-0.075IP-Q2.8_001.5sec.fsa,D8S1179,13,13.0,141.72,61.0,12,137.58,38.0,0.6229508196721312,4,0.3,Allele Average,0.0,0.08246,0.08246,5.030060000000001,0.25,1.2575150000000002,26.218327415577544,5.40550410895802e-150
A07_RD14-0003-30_31_32_33_34-1;1;1;1;1-M2d-0.075IP-Q2.8_001.5sec.fsa,D8S1179,12,12.0,137.58,38.0,11,133.35,27.0,0.7105263157894737,4,0.3,Allele Average,0.0,0.08246,,,,,,0.0
A07_RD14-0003-46_47_48-1;1;1-M4d-0.045IP-Q0.6_001.5sec.fsa,CSF1PO,12,12.0,326.95,62.0,11,322.97,27.0,0.43548387096774194,4,0.3,Allele Regression,0.01144,-0.05766,0.07962000000000001,4.936440000000001,0.25,1.2341100000000003,17.878114592702428,3.925390413453271e-70
A07_RD14-0003-46_47_48-1;1;1-M4d-0.045IP-Q0.6_001.5sec.fsa,D8S1179,14,14.0,146.09,68.0,13,142.08,55.0,0.8088235294117647,4,0.3,Allele Average,0.0,0.08246,,,,,,0.0
A07_RD14-0003-46_47_48-1;1;1-M4d-0.045IP-Q0.6_001.5sec.fsa,TH01,7,7.0,172.68,58.0,6,168.66,36.0,0.6206896551724138,4,0.3,LUS Regression,0.00185,0.00801,0.02096,1.2156799999999999,0.25,0.30391999999999997,114.45222426954463,0.0
B01_RD14-0003-40_41_42_43-1;1;1;1-M3a-0.5IP-Q0.9_002.5sec.fsa,D13S317,12,12.0,231.19,1120.0,11,227.17,353.0,0.3151785714285714,4,0.3,Allele Average,0.0,0.05638,0.05638,63.1456,0.25,15.7864,18.361019611817767,6.220039696353028e-74
B01_RD14-0003-40_41_42_43-1;1;1;1-M3a-0.5IP-Q0.9_002.5sec.fsa,D16S539,10,10.0,271.09,612.0,9,267.17,476.0,0.7777777777777778,4,0.3,Allele Regression,0.0118,-0.0595,,,,,,0.0
B01_RD14-0003-40_41_42_43-1;1;1;1-M3a-0.5IP-Q0.9_002.5sec.fsa,D16S539,12,12.0,279.16,339.0,11,275.15,222.0,0.6548672566371682,4,0.3,Allele Regression,0.0118,-0.0595,,,,,,0.0
B01_RD14-0003-40_41_42_43-1;1;1;1-M3a-0.5IP-Q0.9_002.5sec.fsa,D18S51,18,18.0,304.76,424.0,17,300.88,193.0,0.455188679245283,4,0.3,Allele Regression,0.00879,-0.04708,0.11113999999999997,47.12335999999999,0.25,11.780839999999998,12.382532994251687,5.075025172082102e-34
B01_RD14-0003-40_41_42_43-1;1;1;1-M3a-0.5IP-Q0.9_002.5sec.fsa,D18S51,13,13.0,284.85,215.0,12,280.83,84.0,0.39069767441860465,4,0.3,Allele Regression,0.00879,-0.04708,0.06718999999999999,14.445849999999997,0.25,3.611462499999999,19.25927515514837,2.8563734098026784e-81
B01_RD14-0003-40_41_42_43-1;1;1;1-M3a-0.5IP-Q0.9_002.5sec.fsa,D19S433,14,14.0,119.94,407.0,13,116.01,238.0,0.5847665847665847,4,0.3,Allele Average,0.0,0.08044,0.08044,32.73908,0.25,8.18477,25.07839804905941,2.6942864107609833e-137
B01_RD14-0003-40_41_42_43-1;1;1;1-M3a-0.5IP-Q0.9_002.5sec.fsa,D21S11,30,30.0,206.44,274.0,29,202.37,248.0,0.9051094890510949,4,0.3,Allele Average,0.0,0.0899,,,,,,0.0
B01_RD14-0003-40_41_42_43-1;1;1;1-M3a-0.5IP-Q0.9_002.5sec.fsa,D21S11,29,29.0,202.37,248.0,28,198.4,75.0,0.3024193548387097,4,0.3,Allele Average,0.0,0.0899,0.0899,22.295199999999998,0.25,5.573799999999999,9.455811116294091,3.840182633843748e-20
B01_RD14-0003-40_41_42_43-1;1;1;1-M3a-0.5IP-Q0.9_002.5sec.fsa,D7S820,9,9.0,265.85,209.0,8,261.88,124.0,0.5933014354066986,4,0.3,Allele Regression,0.01048,-0.05172,0.0426,8.9034,0.25,2.22585,51.70905496776513,0.0
B01_RD14-0003-40_41_42_43-1;1;1;1-M3a-0.5IP-Q0.9_002.5sec.fsa,D8S1179,14,14.0,145.93,501.0,13,141.72,237.0,0.47305389221556887,4,0.3,Allele Average,0.0,0.08246,0.08246,41.31246,0.25,10.328115,18.947072142399655,1.1116727566018579e-78
B01_RD14-0003-40_41_42_43-1;1;1;1-M3a-0.5IP-Q0.9_002.5sec.fsa,D8S1179,13,13.0,141.72,237.0,12,137.49,150.0,0.6329113924050633,4,0.3,Allele Average,0.0,0.08246,0.08246,19.543020000000002,0.25,4.8857550000000005,26.70149854014374,1.5153967250920788e-155
B01_RD14-0003-40_41_42_43-1;1;1;1-M3a-0.5IP-Q0.9_002.5sec.fsa,FGA,21,21.0,228.97,335.0,20,224.96,231.0,0.6895522388059702,4,0.3,Allele Average,0.0,0.08296,,,,,,0.0
B01_RD14-0003-40_41_42_43-1;1;1;1-M3a-0.5IP-Q0.9_002.5sec.fsa,FGA,28,28.0,257.56,255.0,27,253.48,134.0,0.5254901960784314,4,0.3,Allele Average,0.0,0.08296,0.08296,21.1548,0.25,5.2887,21.33703934804394,1.3789193827230463e-99
B01_RD14-0003-40_41_42_43-1;1;1;1-M3a-0.5IP-Q0.9_002.5sec.fsa,FGA,27,27.0,253.48,134.0,26,249.51,76.0,0.5671641791044776,4,0.3,Allele Average,0.0,0.08296,0.08296,11.11664,0.25,2.77916,23.34639243512428,4.395609486975351e-119
B01_RD14-0003-40_41_42_43-1;1;1;1-M3a-0.5IP-Q0.9_002.5sec.fsa,TH01,8,8.0,176.39,836.0,7,172.38,477.0,0.5705741626794258,4,0.3,LUS Regression,0.00185,0.00801,0.02281,19.06916,0.25,4.76729,96.05684571318295,0.0
B01_RD14-0003-44_45-1;1-M2S30-0.25IP-Q3.0_002.5sec.fsa,D19S433,14,14.0,120.23,158.0,13,116.28,106.0,0.6708860759493671,4,0.3,Allele Average,0.0,0.08044,,,,,,0.0
B01_RD14-0003-44_45-1;1-M2S30-0.25IP-Q3.0_002.5sec.fsa,D3S1358,17,17.0,130.25,132.0,16,126.52,119.0,0.9015151515151515,4,0.3,Allele Average,0.0,0.0986,,,,,,0.0
B01_RD14-0003-44_45-1;1-M3a-0.25IP-Q0.5_002.5sec.fsa,CSF1PO,12,12.0,326.87,374.0,11,322.92,246.0,0.6577540106951871,4,0.3,Allele Regression,0.01144,-0.05766,,,,,,0.0
B01_RD14-0003-44_45-1;1-M3a-0.25IP-Q0.5_002.5sec.fsa,D19S433,14,14.0,120.16,239.0,13,116.23,222.0,0.9288702928870293,4,0.3,Allele Average,0.0,0.08044,,,,,,0.0
B01_RD14-0003-44_45-1;1-M3a-0.25IP-Q0.5_002.5sec.fsa,D7S820,10,10.0,270.14,323.0,9,266.04,133.0,0.4117647058823529,4,0.3,Allele Regression,0.01048,-0.05172,0.05308,17.144840000000002,0.25,4.2862100000000005,27.02974422625116,2.242280252099117e-159
B02_RD14-0003-40_41_42_43-1;1;1;1-M2e-0.5IP-Q3.2_002.5sec.fsa,D13S317,12,12.0,231.21,167.0,11,227.18,69.0,0.41317365269461076,4,0.3,Allele Average,0.0,0.05638,0.05638,9.41546,0.25,2.353865,25.313490790678312,7.210260018858466e-140
B02_RD14-0003-40_41_42_43-1;1;1;1-M2e-0.5IP-Q3.2_002.5sec.fsa,D19S433,14,14.0,120.07,204.0,13,116.15,174.0,0.8529411764705882,4,0.3,Allele Average,0.0,0.08044,,,,,,0.0
B02_RD14-0003-40_41_42_43-1;1;1;1-M2e-0.5IP-Q3.2_002.5sec.fsa,D8S1179,14,14.0,145.97,202.0,13,141.68,144.0,0.7128712871287128,4,0.3,Allele Average,0.0,0.08246,,,,,,0.0
B02_RD14-0003-40_41_42_43-1;1;1;1-M2e-0.5IP-Q3.2_002.5sec.fsa,D8S1179,13,13.0,141.68,144.0,12,137.51,100.0,0.6944444444444444,4,0.3,Allele Average,0.0,0.08246,,,,,,0.0
B02_RD14-0003-40_41_42_43-1;1;1;1-M2e-0.5IP-Q3.2_002.5sec.fsa,D8S1179,12,12.0,137.51,100.0,11,133.48,76.0,0.76,4,0.3,Allele Average,0.0,0.08246,,,,,,0.0
B02_RD14-0003-44_45-1;1-M2e-0.25IP-Q0.8_002.5sec.fsa,D13S317,13,13.0,235.43,136.0,12,231.28,94.0,0.6911764705882353,4,0.3,Allele Average,0.0,0.05638,,,,,,0.0
B02_RD14-0003-44_45-1;1-M2e-0.25IP-Q0.8_002.5sec.fsa,D21S11,32,32.0,214.74,90.0,31,210.63,75.0,0.8333333333333334,4,0.3,Allele Average,0.0,0.0899,,,,,,0.0
B02_RD14-0003-44_45-1;1-M2e-0.25IP-Q0.8_002.5sec.fsa,FGA,24,24.0,241.34,82.0,23,237.23,71.0,0.8658536585365854,4,0.3,Allele Average,0.0,0.08296,,,,,,0.0
B06_RD14-0003-30_31_32_33_34-1;1;1;1;1-M2S30-0.155IP-Q2.9_002.5sec.fsa,D13S317,12,12.0,231.25,103.0,11,227.16,50.0,0.4854368932038835,4,0.3,Allele Average,0.0,0.05638,0.05638,5.8071399999999995,0.25,1.4517849999999999,30.44036134827127,6.137326832959318e-202
B06_RD14-0003-30_31_32_33_34-1;1;1;1;1-M2S30-0.155IP-Q2.9_002.5sec.fsa,D19S433,14,14.0,120.15,40.0,13,116.13,32.0,0.8,4,0.3,Allele Average,0.0,0.08044,,,,,,0.0
B06_RD14-0003-30_31_32_33_34-1;1;1;1;1-M2S30-0.155IP-Q2.9_002.5sec.fsa,D19S433,13.2,13.2,118.18,27.0,12.2,114.38,23.0,0.8518518518518519,4,0.3,Allele Average,0.0,0.08044,,,,,,0.0
B06_RD14-0003-30_31_32_33_34-1;1;1;1;1-M2S30-0.155IP-Q2.9_002.5sec.fsa,D5S818,13,13.0,157.29,51.0,12,153.1,32.0,0.6274509803921569,4,0.3,Allele Average,0.0,0.07378,0.07378,3.76278,0.25,0.940695,30.017402027224556,2.191236496610821e-196
B06_RD14-0003-30_31_32_33_34-1;1;1;1;1-M2S30-0.155IP-Q2.9_002.5sec.fsa,D5S818,12,12.0,153.1,32.0,11,148.77,28.0,0.875,4,0.3,Allele Average,0.0,0.07378,,,,,,0.0
B06_RD14-0003-30_31_32_33_34-1;1;1;1;1-M2S30-0.155IP-Q2.9_002.5sec.fsa,D8S1179,13,13.0,142.02,78.0,12,137.85,33.0,0.4230769230769231,4,0.3,Allele Average,0.0,0.08246,0.08246,6.4318800000000005,0.25,1.6079700000000001,16.522770947219165,5.228506600731175e-60
B06_RD14-0003-30_31_32_33_34-1;1;1;1;1-M2S30-0.155IP-Q2.9_002.5sec.fsa,TH01,7,7.0,172.61,52.0,6,168.64,44.0,0.8461538461538461,4,0.3,LUS Regression,0.00185,0.00801,,,,,,0.0
B06_RD14-0003-30_31_32_33_34-1;1;1;1;1-M2a-0.625IP-Q0.7_002.5sec.fsa,CSF1PO,12,12.0,326.97,983.0,11,322.94,446.0,0.4537131230925738,4,0.3,Allele Regression,0.01144,-0.05766,0.07962000000000001,78.26646000000001,0.25,19.566615000000002,18.79392730934809,2.000106253725647e-77
B06_RD14-0003-30_31_32_33_34-1;1;1;1;1-M2a-0.625IP-Q0.7_002.5sec.fsa,CSF1PO,11,11.0,322.94,446.0,10,318.83,156.0,0.34977578475336324,4,0.3,Allele Regression,0.01144,-0.05766,0.06818,30.40828,0.25,7.60207,16.520726591573084,5.408122677258755e-60
B06_RD14-0003-30_31_32_33_34-1;1;1;1;1-M2a-0.625IP-Q0.7_002.5sec.fsa,D13S317,11,11.0,227.18,1478.0,10,223.18,70.0,0.04736129905277402,4,0.3,Allele Average,0.0,0.05638,0.05638,83.32964,0.25,20.83241,-0.6398510781997857,0.8148879163606271
B06_RD14-0003-30_31_32_33_34-1;1;1;1;1-M2a-0.625IP-Q0.7_002.5sec.fsa,D16S539,11,11.0,275.25,733.0,10,271.25,303.0,0.41336971350613916,4,0.3,Allele Regression,0.0118,-0.0595,0.0703,51.5299,0.25,12.882475,19.520325092810193,1.809439002758698e-83
B06_RD14-0003-30_31_32_33_34-1;1;1;1;1-M2a-0.625IP-Q0.7_002.5sec.fsa,D18S51,16,16.0,297.06,419.0,15,293.05,214.0,0.5107398568019093,4,0.3,Allele Regression,0.00879,-0.04708,0.09355999999999999,39.20164,0.25,9.80041,17.83582115442109,8.353648448193711e-70
B06_RD14-0003-30_31_32_33_34-1;1;1;1;1-M2a-0.625IP-Q0.7_002.5sec.fsa,D19S433,15,15.0,124.02,196.0,14,120.15,126.0,0.6428571428571429,4,0.3,Allele Average,0.0,0.08044,0.08044,15.76624,0.25,3.94156,27.96703843148398,1.4359784950712515e-170
B06_RD14-0003-30_31_32_33_34-1;1;1;1;1-M2a-0.625IP-Q0.7_002.5sec.fsa,D19S433,13,13.0,116.18,582.0,12,112.15,102.0,0.17525773195876287,4,0.3,Allele Average,0.0,0.08044,0.08044,46.81608,0.25,11.70402,4.714954349018543,1.4881417713329053e-05
B06_RD14-0003-30_31_32_33_34-1;1;1;1;1-M2a-0.625IP-Q0.7_002.5sec.fsa,D19S433,13.2,13.2,118.13,194.0,12.2,114.15,81.0,0.4175257731958763,4,0.3,Allele Average,0.0,0.08044,0.08044,15.60536,0.25,3.90134,16.762097125603,9.740824271683884e-62
B06_RD14-0003-30_31_32_33_34-1;1;1;1;1-M2a-0.625IP-Q0.7_002.5sec.fsa,D21S11,29,29.0,202.57,470.0,28,198.61,330.0,0.7021276595744681,4,0.3,Allele Average,0.0,0.0899,,,,,,0.0
B06_RD14-0003-30_31_32_33_34-1;1;1;1;1-M2a-0.625IP-Q0.7_002.5sec.fsa,D2S1338,19,19.0,321.04,967.0,18,316.85,87.0,0.08996897621509824,4,0.3,Allele Average,0.0,0.09165,0.09165,88.62554999999999,0.25,22.156387499999997,-0.07336710463291861,0.9973122524574762
B06_RD14-0003-30_31_32_33_34-1;1;1;1;1-M2a-0.625IP-Q0.7_002.5sec.fsa,D3S1358,18,18.0,134.43,241.0,17,130.24,220.0,0.9128630705394191,4,0.3,Allele Average,0.0,0.0986,,,,,,0.0
B06_RD14-0003-30_31_32_33_34-1;1;1;1;1-M2a-0.625IP-Q0.7_002.5sec.fsa,D3S1358,15,15.0,122.12,1242.0,14,118.13,89.0,0.071658615136876,4,0.3,Allele Average,0.0,0.0986,0.0986,122.46119999999999,0.25,30.615299999999998,-1.0929567895790664,0.5503079370192432
B06_RD14-0003-30_31_32_33_34-1;1;1;1;1-M2a-0.625IP-Q0.7_002.5sec.fsa,D5S818,13,13.0,157.07,602.0,12,152.94,369.0,0.6129568106312292,4,0.3,Allele Average,0.0,0.07378,0.07378,44.41556,0.25,11.10389,29.231597215030046,2.8226874455548707e-186
B06_RD14-0003-30_31_32_33_34-1;1;1;1;1-M2a-0.625IP-Q0.7_002.5sec.fsa,D5S818,11,11.0,148.83,453.0,10,144.73,256.0,0.565121412803532,4,0.3,Allele Average,0.0,0.07378,0.07378,33.42234,0.25,8.355585,26.63818990531483,8.199791263443567e-155
B06_RD14-0003-30_31_32_33_34-1;1;1;1;1-M2a-0.625IP-Q0.7_002.5sec.fsa,D8S1179,12,12.0,137.64,627.0,11,133.49,482.0,0.7687400318979266,4,0.3,Allele Average,0.0,0.08246,,,,,,0.0
B06_RD14-0003-30_31_32_33_34-1;1;1;1;1-M2a-0.625IP-Q0.7_002.5sec.fsa,FGA,24,24.0,241.18,431.0,23,237.11,292.0,0.6774941995359629,4,0.3,Allele Average,0.0,0.08296,,,,,,0.0
B06_RD14-0003-30_31_32_33_34-1;1;1;1;1-M2a-0.625IP-Q0.7_002.5sec.fsa,FGA,23,23.0,237.11,292.0,22,233.0,215.0,0.7363013698630136,4,0.3,Allele Average,0.0,0.08296,,,,,,0.0
B06_RD14-0003-30_31_32_33_34-1;1;1;1;1-M2a-0.625IP-Q0.7_002.5sec.fsa,FGA,21,21.0,228.98,495.0,20,224.89,172.0,0.3474747474747475,4,0.3,Allele Average,0.0,0.08296,0.08296,41.065200000000004,0.25,10.266300000000001,12.75384510485764,4.772073318522721e-36
B06_RD14-0003-30_31_32_33_34-1;1;1;1;1-M2a-0.625IP-Q0.7_002.5sec.fsa,FGA,20,20.0,224.89,172.0,19,220.81,158.0,0.9186046511627907,4,0.3,Allele Average,0.0,0.08296,,,,,,0.0
B06_RD14-0003-30_31_32_33_34-1;1;1;1;1-M2a-0.625IP-Q0.7_002.5sec.fsa,TH01,9,9.0,180.65,489.0,8,176.55,401.0,0.820040899795501,4,0.3,LUS Regression,0.00185,0.00801,,,,,,0.0
B06_RD14-0003-30_31_32_33_34-1;1;1;1;1-M2a-0.625IP-Q0.7_002.5sec.fsa,TH01,7,7.0,172.55,449.0,6,168.47,390.0,0.8685968819599109,4,0.3,LUS Regression,0.00185,0.00801,,,,,,0.0
B06_RD14-0003-46_47_48-1;1;1-M2a-0.375IP-Q0.4_002.5sec.fsa,CSF1PO,12,12.0,326.87,549.0,11,322.81,280.0,0.5100182149362478,4,0.3,Allele Regression,0.01144,-0.05766,0.07962000000000001,43.711380000000005,0.25,10.927845000000001,21.6226181831825,2.988796917033644e-102
B06_RD14-0003-46_47_48-1;1;1-M2a-0.375IP-Q0.4_002.5sec.fsa,D13S317,12,12.0,231.29,1571.0,11,227.23,309.0,0.19669000636537237,4,0.3,Allele Average,0.0,0.05638,0.05638,88.57298,0.25,22.143245,9.954594279203432,3.034050162045826e-22
B06_RD14-0003-46_47_48-1;1;1-M2a-0.375IP-Q0.4_002.5sec.fsa,D16S539,12,12.0,279.26,919.0,11,275.25,491.0,0.5342763873775843,4,0.3,Allele Regression,0.0118,-0.0595,0.0821,75.4499,0.25,18.862475,22.030518264437724,4.0639376068241207e-106
B06_RD14-0003-46_47_48-1;1;1-M2a-0.375IP-Q0.4_002.5sec.fsa,D18S51,13,13.0,285.09,460.0,12,281.13,287.0,0.6239130434782608,4,0.3,Allele Regression,0.00879,-0.04708,0.06718999999999999,30.907399999999992,0.25,7.726849999999998,33.14320842257842,2.949704377580102e-239
B06_RD14-0003-46_47_48-1;1;1-M2a-0.375IP-Q0.4_002.5sec.fsa,D21S11,31,31.0,210.63,318.0,30,206.65,273.0,0.8584905660377359,4,0.3,Allele Average,0.0,0.0899,,,,,,0.0
B06_RD14-0003-46_47_48-1;1;1-M2a-0.375IP-Q0.4_002.5sec.fsa,D2S1338,25,25.0,345.2,862.0,24,341.11,413.0,0.4791183294663573,4,0.3,Allele Average,0.0,0.09165,0.09165,79.00229999999999,0.25,19.750574999999998,16.91078361009743,7.969005502113056e-63
B06_RD14-0003-46_47_48-1;1;1-M2a-0.375IP-Q0.4_002.5sec.fsa,D5S818,12,12.0,152.95,584.0,11,148.83,386.0,0.660958904109589,4,0.3,Allele Average,0.0,0.07378,,,,,,0.0
B06_RD14-0003-46_47_48-1;1;1-M2a-0.375IP-Q0.4_002.5sec.fsa,D7S820,9,9.0,266.06,455.0,8,262.1,199.0,0.43736263736263736,4,0.3,Allele Regression,0.01048,-0.05172,0.0426,19.383,0.25,4.84575,37.066914306350924,4.458777868822879e-299
B06_RD14-0003-46_47_48-1;1;1-M2a-0.375IP-Q0.4_002.5sec.fsa,D8S1179,14,14.0,146.11,671.0,13,142.01,581.0,0.8658718330849479,4,0.3,Allele Average,0.0,0.08246,,,,,,0.0
B06_RD14-0003-46_47_48-1;1;1-M2a-0.375IP-Q0.4_002.5sec.fsa,TH01,7,7.0,172.61,755.0,6,168.5,408.0,0.5403973509933775,4,0.3,LUS Regression,0.00185,0.00801,0.02096,15.8248,0.25,3.9562,99.12926545675144,0.0
B06_RD14-0003-46_47_48-1;1;1-M2a-0.375IP-Q0.4_002.5sec.fsa,TPOX,10,10.0,236.72,337.0,9,232.72,202.0,0.599406528189911,4,0.3,Allele Regression,0.00611,-0.02772,0.03338,11.24906,0.25,2.812265,67.8282238693722,0.0
B07_RD14-0003-30_31_32_33_34-1;1;1;1;1-M1e-0.625IP-Q1.9_002.5sec.fsa,D13S317,12,12.0,231.27,431.0,11,227.26,269.0,0.6241299303944315,4,0.3,Allele Average,0.0,0.05638,0.05638,24.29978,0.25,6.074945,40.280236281974574,0.0
B07_RD14-0003-30_31_32_33_34-1;1;1;1;1-M1e-0.625IP-Q1.9_002.5sec.fsa,D19S433,15,15.0,123.91,162.0,14,119.93,123.0,0.7592592592592593,4,0.3,Allele Average,0.0,0.08044,,,,,,0.0
B07_RD14-0003-30_31_32_33_34-1;1;1;1;1-M1e-0.625IP-Q1.9_002.5sec.fsa,D19S433,13,13.0,116.07,441.0,12,112.01,93.0,0.2108843537414966,4,0.3,Allele Average,0.0,0.08044,0.08044,35.47404,0.25,8.86851,6.4865417076825755,7.302664395057904e-10
B07_RD14-0003-30_31_32_33_34-1;1;1;1;1-M1e-0.625IP-Q1.9_002.5sec.fsa,D3S1358,18,18.0,134.35,157.0,17,130.27,101.0,0.643312101910828,4,0.3,Allele Average,0.0,0.0986,0.0986,15.480199999999998,0.25,3.8700499999999995,22.097854032893636,9.198390479102016e-107
B07_RD14-0003-30_31_32_33_34-1;1;1;1;1-M1e-0.625IP-Q1.9_002.5sec.fsa,D5S818,11,11.0,148.79,202.0,10,144.68,170.0,0.8415841584158416,4,0.3,Allele Average,0.0,0.07378,,,,,,0.0
B07_RD14-0003-30_31_32_33_34-1;1;1;1;1-M1e-0.625IP-Q1.9_002.5sec.fsa,D5S818,13,13.0,157.05,151.0,12,152.83,79.0,0.5231788079470199,4,0.3,Allele Average,0.0,0.07378,0.07378,11.14078,0.25,2.785195,24.36426174827974,1.2521370441711988e-129
B07_RD14-0003-30_31_32_33_34-1;1;1;1;1-M1e-0.625IP-Q1.9_002.5sec.fsa,D8S1179,13,13.0,141.71,250.0,12,137.53,199.0,0.796,4,0.3,Allele Average,0.0,0.08246,,,,,,0.0
B07_RD14-0003-30_31_32_33_34-1;1;1;1;1-M1e-0.625IP-Q1.9_002.5sec.fsa,D8S1179,12,12.0,137.53,199.0,11,133.41,145.0,0.7286432160804021,4,0.3,Allele Average,0.0,0.08246,,,,,,0.0
B07_RD14-0003-30_31_32_33_34-1;1;1;1;1-M1e-0.625IP-Q1.9_002.5sec.fsa,TH01,7,7.0,172.39,324.0,6,168.38,157.0,0.4845679012345679,4,0.3,LUS Regression,0.00185,0.00801,0.02096,6.79104,0.25,1.69776,88.47479031194044,0.0
B07_RD14-0003-30_31_32_33_34-1;1;1;1;1-M1e-0.625IP-Q1.9_002.5sec.fsa,TH01,9,9.0,180.53,215.0,8,176.42,80.0,0.37209302325581395,4,0.3,LUS Regression,0.00185,0.00801,0.02466,5.301900000000001,0.25,1.3254750000000002,56.35572153378976,0.0
B07_RD14-0003-46_47_48-1;1;1-M2e-0.375IP-Q1.0_002.5sec.fsa,D13S317,12,12.0,231.28,473.0,11,227.22,142.0,0.30021141649048627,4,0.3,Allele Average,0.0,0.05638,0.05638,26.66774,0.25,6.666935,17.299142709505944,1.0385876929314617e-65
B07_RD14-0003-46_47_48-1;1;1-M2e-0.375IP-Q1.0_002.5sec.fsa,D16S539,12,12.0,279.26,164.0,11,275.31,68.0,0.4146341463414634,4,0.3,Allele Regression,0.0118,-0.0595,0.0821,13.464400000000001,0.25,3.3661000000000003,16.201420040997,1.0043540798312107e-57
B07_RD14-0003-46_47_48-1;1;1-M2e-0.375IP-Q1.0_002.5sec.fsa,D18S51,13,13.0,285.11,89.0,12,281.14,87.0,0.9775280898876404,4,0.3,Allele Regression,0.00879,-0.04708,,,,,,0.0
B07_RD14-0003-46_47_48-1;1;1-M2e-0.375IP-Q1.0_002.5sec.fsa,D2S1338,25,25.0,345.3,90.0,24,341.26,69.0,0.7666666666666667,4,0.3,Allele Average,0.0,0.09165,,,,,,0.0
B07_RD14-0003-46_47_48-1;1;1-M2e-0.375IP-Q1.0_002.5sec.fsa,D5S818,12,12.0,153.02,253.0,11,148.91,164.0,0.6482213438735178,4,0.3,Allele Average,0.0,0.07378,0.07378,18.666339999999998,0.25,4.6665849999999995,31.143472153619836,2.4291119310847043e-211
B07_RD14-0003-46_47_48-1;1;1-M2e-0.375IP-Q1.0_002.5sec.fsa,D7S820,9,9.0,266.04,140.0,8,262.04,65.0,0.4642857142857143,4,0.3,Allele Regression,0.01048,-0.05172,0.0426,5.9639999999999995,0.25,1.4909999999999999,39.59490274983233,0.0
B07_RD14-0003-46_47_48-1;1;1-M2e-0.375IP-Q1.0_002.5sec.fsa,D8S1179,14,14.0,146.09,324.0,13,142.0,244.0,0.7530864197530864,4,0.3,Allele Average,0.0,0.08246,,,,,,0.0
B07_RD14-0003-46_47_48-1;1;1-M2e-0.375IP-Q1.0_002.5sec.fsa,TPOX,10,10.0,236.82,76.0,9,232.83,68.0,0.8947368421052632,4,0.3,Allele Regression,0.00611,-0.02772,,,,,,0.0
C01_RD14-0003-40_41_42_43-1;1;1;1-M3a-0.252IP-Q0.9_003.5sec.fsa,D13S317,12,12.0,231.26,766.0,11,227.17,185.0,0.24151436031331594,4,0.3,Allele Average,0.0,0.05638,0.05638,43.18708,0.25,10.79677,13.1347541903736,3.4464672227750463e-38
C01_RD14-0003-40_41_42_43-1;1;1;1-M3a-0.252IP-Q0.9_003.5sec.fsa,D16S539,11,11.0,275.12,142.0,10,271.08,113.0,0.795774647887324,4,0.3,Allele Regression,0.0118,-0.0595,,,,,,0.0
C01_RD14-0003-40_41_42_43-1;1;1;1-M3a-0.252IP-Q0.9_003.5sec.fsa,D16S539,13,13.0,282.98,127.0,12,279.09,111.0,0.8740157480314961,4,0.3,Allele Regression,0.0118,-0.0595,,,,,,0.0
C01_RD14-0003-40_41_42_43-1;1;1;1-M3a-0.252IP-Q0.9_003.5sec.fsa,D18S51,19,19.0,308.79,143.0,18,304.85,118.0,0.8251748251748252,4,0.3,Allele Regression,0.00879,-0.04708,,,,,,0.0
C01_RD14-0003-40_41_42_43-1;1;1;1-M3a-0.252IP-Q0.9_003.5sec.fsa,D19S433,14,14.0,119.94,192.0,13,116.03,185.0,0.9635416666666666,4,0.3,Allele Average,0.0,0.08044,,,,,,0.0
C01_RD14-0003-40_41_42_43-1;1;1;1-M3a-0.252IP-Q0.9_003.5sec.fsa,D19S433,14.2,14.2,121.96,117.0,13.2,117.98,69.0,0.5897435897435898,4,0.3,Allele Average,0.0,0.08044,0.08044,9.41148,0.25,2.35287,25.325887108085023,5.267912180810836e-140
C01_RD14-0003-40_41_42_43-1;1;1;1-M3a-0.252IP-Q0.9_003.5sec.fsa,D21S11,31,31.0,210.38,138.0,30,206.37,82.0,0.5942028985507246,4,0.3,Allele Average,0.0,0.0899,0.0899,12.406199999999998,0.25,3.1015499999999996,22.438393706372622,4.6814325721715e-110
C01_RD14-0003-40_41_42_43-1;1;1;1-M3a-0.252IP-Q0.9_003.5sec.fsa,D21S11,28,28.0,198.34,141.0,27,194.33,75.0,0.5319148936170213,4,0.3,Allele Average,0.0,0.0899,0.0899,12.675899999999999,0.25,3.1689749999999997,19.666958559155564,1.0227737791129965e-84
C01_RD14-0003-40_41_42_43-1;1;1;1-M3a-0.252IP-Q0.9_003.5sec.fsa,D8S1179,13,13.0,141.72,181.0,12,137.5,118.0,0.6519337016574586,4,0.3,Allele Average,0.0,0.08246,,,,,,0.0
C01_RD14-0003-40_41_42_43-1;1;1;1-M3a-0.252IP-Q0.9_003.5sec.fsa,FGA,21,21.0,229.04,145.0,20,224.89,122.0,0.8413793103448276,4,0.3,Allele Average,0.0,0.08296,,,,,,0.0
C01_RD14-0003-40_41_42_43-1;1;1;1-M3a-0.252IP-Q0.9_003.5sec.fsa,FGA,28,28.0,257.56,137.0,27,253.55,70.0,0.5109489051094891,4,0.3,Allele Average,0.0,0.08296,0.08296,11.36552,0.25,2.84138,20.635916350505738,3.3868213813599894e-93
C01_RD14-0003-40_41_42_43-1;1;1;1-M3a-0.252IP-Q0.9_003.5sec.fsa,TH01,9,9.0,180.49,217.0,8,176.38,168.0,0.7741935483870968,4,0.3,LUS Regression,0.00185,0.00801,,,,,,0.0
C01_RD14-0003-40_41_42_43-1;1;1;1-M3a-0.252IP-Q0.9_003.5sec.fsa,TH01,8,8.0,176.38,168.0,7,172.35,164.0,0.9761904761904762,4,0.3,LUS Regression,0.00185,0.00801,,,,,,0.0
C01_RD14-0003-44_45-1;1-M2S30-0.126IP-Q3.0_003.5sec.fsa,D3S1358,17,17.0,130.15,70.0,16,126.43,61.0,0.8714285714285714,4,0.3,Allele Average,0.0,0.0986,,,,,,0.0
C01_RD14-0003-44_45-1;1-M2S30-0.126IP-Q3.0_003.5sec.fsa,FGA,25,25.0,245.56,31.0,24,241.35,24.0,0.7741935483870968,4,0.3,Allele Average,0.0,0.08296,,,,,,0.0
C01_RD14-0003-44_45-1;1-M3a-0.126IP-Q0.5_003.5sec.fsa,D13S317,13,13.0,235.34,163.0,12,231.29,163.0,1.0,4,0.3,Allele Average,0.0,0.05638,,,,,,0.0
C01_RD14-0003-44_45-1;1-M3a-0.126IP-Q0.5_003.5sec.fsa,D16S539,11,11.0,275.3,320.0,10,271.29,165.0,0.515625,4,0.3,Allele Regression,0.0118,-0.0595,0.0703,22.496000000000002,0.25,5.6240000000000006,25.338549075391178,3.822399612307042e-140
C01_RD14-0003-44_45-1;1-M3a-0.126IP-Q0.5_003.5sec.fsa,D21S11,32,32.0,214.77,52.0,31,210.67,52.0,1.0,4,0.3,Allele Average,0.0,0.0899,,,,,,0.0
C01_RD14-0003-44_45-1;1-M3a-0.126IP-Q0.5_003.5sec.fsa,D3S1358,17,17.0,130.2,115.0,16,126.48,90.0,0.782608695652174,4,0.3,Allele Average,0.0,0.0986,,,,,,0.0
C01_RD14-0003-44_45-1;1-M3a-0.126IP-Q0.5_003.5sec.fsa,D7S820,10,10.0,270.1,152.0,9,266.19,99.0,0.6513157894736842,4,0.3,Allele Regression,0.01048,-0.05172,,,,,,0.0
C01_RD14-0003-44_45-1;1-M3a-0.126IP-Q0.5_003.5sec.fsa,FGA,24,24.0,241.4,132.0,23,237.29,98.0,0.7424242424242424,4,0.3,Allele Average,0.0,0.08296,,,,,,0.0
C02_RD14-0003-40_41_42_43-1;1;1;1-M2e-0.252IP-Q3.2_003.5sec.fsa,D13S317,13,13.0,235.28,55.0,12,231.26,53.0,0.9636363636363636,4,0.3,Allele Average,0.0,0.05638,,,,,,0.0
C02_RD14-0003-40_41_42_43-1;1;1;1-M2e-0.252IP-Q3.2_003.5sec.fsa,D16S539,10,10.0,271.21,63.0,9,267.26,42.0,0.6666666666666666,4,0.3,Allele Regression,0.0118,-0.0595,,,,,,0.0
C02_RD14-0003-40_41_42_43-1;1;1;1-M2e-0.252IP-Q3.2_003.5sec.fsa,D8S1179,14,14.0,145.87,81.0,13,141.67,68.0,0.8395061728395061,4,0.3,Allele Average,0.0,0.08246,,,,,,0.0
C02_RD14-0003-40_41_42_43-1;1;1;1-M2e-0.252IP-Q3.2_003.5sec.fsa,D8S1179,13,13.0,141.67,68.0,12,137.53,41.0,0.6029411764705882,4,0.3,Allele Average,0.0,0.08246,0.08246,5.60728,0.25,1.40182,25.24769228574282,3.805110563795762e-139
C02_RD14-0003-40_41_42_43-1;1;1;1-M2e-0.252IP-Q3.2_003.5sec.fsa,D8S1179,12,12.0,137.53,41.0,11,133.51,40.0,0.975609756097561,4,0.3,Allele Average,0.0,0.08246,,,,,,0.0
C06_RD14-0003-30_31_32_33_34-1;1;1;1;1-M2S30-0.075IP-Q2.9_003.5sec.fsa,D5S818,11,11.0,148.84,39.0,10,144.7,22.0,0.5641025641025641,4,0.3,Allele Average,0.0,0.07378,0.07378,2.87742,0.25,0.719355,26.582952784091304,3.5658945942645745e-154
C06_RD14-0003-30_31_32_33_34-1;1;1;1;1-M2a-0.315IP-Q0.7_003.5sec.fsa,CSF1PO,12,12.0,326.98,562.0,11,322.9,248.0,0.4412811387900356,4,0.3,Allele Regression,0.01144,-0.05766,0.07962000000000001,44.74644000000001,0.25,11.186610000000002,18.169361406181135,2.0611822817682352e-72
C06_RD14-0003-30_31_32_33_34-1;1;1;1;1-M2a-0.315IP-Q0.7_003.5sec.fsa,D16S539,12,12.0,279.26,439.0,11,275.29,343.0,0.7813211845102506,4,0.3,Allele Regression,0.0118,-0.0595,,,,,,0.0
C06_RD14-0003-30_31_32_33_34-1;1;1;1;1-M2a-0.315IP-Q0.7_003.5sec.fsa,D16S539,11,11.0,275.29,343.0,10,271.25,191.0,0.5568513119533528,4,0.3,Allele Regression,0.0118,-0.0595,0.0703,24.1129,0.25,6.028225,27.684285175155207,3.750494508967858e-167
C06_RD14-0003-30_31_32_33_34-1;1;1;1;1-M2a-0.315IP-Q0.7_003.5sec.fsa,D18S51,16,16.0,296.98,207.0,15,292.99,167.0,0.8067632850241546,4,0.3,Allele Regression,0.00879,-0.04708,,,,,,0.0
C06_RD14-0003-30_31_32_33_34-1;1;1;1;1-M2a-0.315IP-Q0.7_003.5sec.fsa,D19S433,13.2,13.2,118.13,192.0,12.2,114.15,101.0,0.5260416666666666,4,0.3,Allele Average,0.0,0.08044,0.08044,15.444479999999999,0.25,3.8611199999999997,22.158213160948122,2.4191100082866807e-107
C06_RD14-0003-30_31_32_33_34-1;1;1;1;1-M2a-0.315IP-Q0.7_003.5sec.fsa,D19S433,13,13.0,116.18,312.0,12,112.08,81.0,0.25961538461538464,4,0.3,Allele Average,0.0,0.08044,0.08044,25.097279999999998,0.25,6.2743199999999995,8.909765520406994,5.780966363209601e-18
C06_RD14-0003-30_31_32_33_34-1;1;1;1;1-M2a-0.315IP-Q0.7_003.5sec.fsa,D21S11,29,29.0,202.63,334.0,28,198.61,101.0,0.3023952095808383,4,0.3,Allele Average,0.0,0.0899,0.0899,30.0266,0.25,7.50665,9.4547368000373,3.879389829735877e-20
C06_RD14-0003-30_31_32_33_34-1;1;1;1;1-M2a-0.315IP-Q0.7_003.5sec.fsa,D5S818,13,13.0,157.09,396.0,12,152.89,203.0,0.5126262626262627,4,0.3,Allele Average,0.0,0.07378,0.07378,29.21688,0.25,7.30422,23.79215302934468,1.202849773203892e-123
C06_RD14-0003-30_31_32_33_34-1;1;1;1;1-M2a-0.315IP-Q0.7_003.5sec.fsa,D5S818,11,11.0,148.79,217.0,10,144.71,142.0,0.6543778801843319,4,0.3,Allele Average,0.0,0.07378,,,,,,0.0
C06_RD14-0003-30_31_32_33_34-1;1;1;1;1-M2a-0.315IP-Q0.7_003.5sec.fsa,D8S1179,12,12.0,137.57,398.0,11,133.53,280.0,0.7035175879396985,4,0.3,Allele Average,0.0,0.08246,,,,,,0.0
C06_RD14-0003-46_47_48-1;1;1-M3a-0.189IP-Q0.5_003.5sec.fsa,CSF1PO,12,12.0,326.88,262.0,11,322.81,98.0,0.37404580152671757,4,0.3,Allele Regression,0.01144,-0.05766,0.07962000000000001,20.860440000000004,0.25,5.215110000000001,14.791549938543957,3.092901575474822e-48
C06_RD14-0003-46_47_48-1;1;1-M3a-0.189IP-Q0.5_003.5sec.fsa,D13S317,12,12.0,231.22,872.0,11,227.24,113.0,0.12958715596330275,4,0.3,Allele Average,0.0,0.05638,0.05638,49.16336,0.25,12.29084,5.193838663590121,1.3875374069825561e-06
C06_RD14-0003-46_47_48-1;1;1-M3a-0.189IP-Q0.5_003.5sec.fsa,D16S539,12,12.0,279.26,435.0,11,275.26,323.0,0.7425287356321839,4,0.3,Allele Regression,0.0118,-0.0595,,,,,,0.0
C06_RD14-0003-46_47_48-1;1;1-M3a-0.189IP-Q0.5_003.5sec.fsa,D18S51,13,13.0,285.18,291.0,12,281.13,124.0,0.4261168384879725,4,0.3,Allele Regression,0.00879,-0.04708,0.06718999999999999,19.552289999999996,0.25,4.888072499999999,21.36787251007427,7.138634388978258e-100
C06_RD14-0003-46_47_48-1;1;1-M3a-0.189IP-Q0.5_003.5sec.fsa,D21S11,30,30.0,206.65,216.0,29,202.7,102.0,0.4722222222222222,4,0.3,Allele Average,0.0,0.0899,0.0899,19.4184,0.25,4.8546,17.010999876405887,1.4561594571981573e-63
C06_RD14-0003-46_47_48-1;1;1-M3a-0.189IP-Q0.5_003.5sec.fsa,D21S11,32.2,32.2,216.67,118.0,31.2,212.59,95.0,0.8050847457627118,4,0.3,Allele Average,0.0,0.0899,,,,,,0.0
C06_RD14-0003-46_47_48-1;1;1-M3a-0.189IP-Q0.5_003.5sec.fsa,D2S1338,25,25.0,345.18,449.0,24,341.1,261.0,0.5812917594654788,4,0.3,Allele Average,0.0,0.09165,0.09165,41.15085,0.25,10.2877125,21.370071335100004,6.810972167000461e-100
C06_RD14-0003-46_47_48-1;1;1-M3a-0.189IP-Q0.5_003.5sec.fsa,D2S1338,24,24.0,341.1,261.0,23,337.15,204.0,0.7816091954022989,4,0.3,Allele Average,0.0,0.09165,,,,,,0.0
C06_RD14-0003-46_47_48-1;1;1-M3a-0.189IP-Q0.5_003.5sec.fsa,TH01,7,7.0,172.61,294.0,6,168.58,153.0,0.5204081632653061,4,0.3,LUS Regression,0.00185,0.00801,0.02096,6.16224,0.25,1.54056,95.31453497429507,0.0
C07_RD14-0003-30_31_32_33_34-1;1;1;1;1-M1e-0.315IP-Q1.9_003.5sec.fsa,D19S433,15,15.0,123.84,87.0,14,119.93,84.0,0.9655172413793104,4,0.3,Allele Average,0.0,0.08044,,,,,,0.0
C07_RD14-0003-30_31_32_33_34-1;1;1;1;1-M1e-0.315IP-Q1.9_003.5sec.fsa,D19S433,13,13.0,116.0,206.0,12,112.01,79.0,0.38349514563106796,4,0.3,Allele Average,0.0,0.08044,0.08044,16.57064,0.25,4.14266,15.069872980162504,4.848739773096525e-50
C07_RD14-0003-30_31_32_33_34-1;1;1;1;1-M1e-0.315IP-Q1.9_003.5sec.fsa,D5S818,13,13.0,156.98,127.0,12,152.86,83.0,0.6535433070866141,4,0.3,Allele Average,0.0,0.07378,,,,,,0.0
C07_RD14-0003-30_31_32_33_34-1;1;1;1;1-M1e-0.315IP-Q1.9_003.5sec.fsa,D8S1179,12,12.0,137.53,200.0,11,133.49,74.0,0.37,4,0.3,Allele Average,0.0,0.08246,0.08246,16.492,0.25,4.123,13.94809604656803,5.67725213486188e-43
C07_RD14-0003-46_47_48-1;1;1-M2e-0.189IP-Q1.0_003.5sec.fsa,D13S317,12,12.0,231.28,235.0,11,227.22,80.0,0.3404255319148936,4,0.3,Allele Average,0.0,0.05638,0.05638,13.2493,0.25,3.312325,20.15221936253236,6.514957314388746e-89
C07_RD14-0003-46_47_48-1;1;1-M2e-0.189IP-Q1.0_003.5sec.fsa,D16S539,12,12.0,279.26,101.0,11,275.31,63.0,0.6237623762376238,4,0.3,Allele Regression,0.0118,-0.0595,0.0821,8.292100000000001,0.25,2.0730250000000003,26.39037155847131,5.85372750111805e-152
C07_RD14-0003-46_47_48-1;1;1-M2e-0.189IP-Q1.0_003.5sec.fsa,D19S433,15,15.0,124.18,101.0,14,120.15,55.0,0.5445544554455446,4,0.3,Allele Average,0.0,0.08044,0.08044,8.12444,0.25,2.03111,23.078789430409973,2.1915520702883236e-116
C07_RD14-0003-46_47_48-1;1;1-M2e-0.189IP-Q1.0_003.5sec.fsa,D2S1338,25,25.0,345.29,66.0,24,341.09,56.0,0.8484848484848485,4,0.3,Allele Average,0.0,0.09165,,,,,,0.0
C07_RD14-0003-46_47_48-1;1;1-M2e-0.189IP-Q1.0_003.5sec.fsa,D5S818,12,12.0,152.97,169.0,11,148.87,81.0,0.47928994082840237,4,0.3,Allele Average,0.0,0.07378,0.07378,12.46882,0.25,3.117205,21.984816526343316,1.1111060002649516e-105
C07_RD14-0003-46_47_48-1;1;1-M2e-0.189IP-Q1.0_003.5sec.fsa,D7S820,10,10.0,270.14,96.0,9,266.04,94.0,0.9791666666666666,4,0.3,Allele Regression,0.01048,-0.05172,,,,,,0.0
C07_RD14-0003-46_47_48-1;1;1-M2e-0.189IP-Q1.0_003.5sec.fsa,D8S1179,14,14.0,146.15,168.0,13,142.07,115.0,0.6845238095238095,4,0.3,Allele Average,0.0,0.08246,,,,,,0.0
C07_RD14-0003-46_47_48-1;1;1-M2e-0.189IP-Q1.0_003.5sec.fsa,TH01,7,7.0,172.7,212.0,6,168.62,122.0,0.5754716981132075,4,0.3,LUS Regression,0.00185,0.00801,0.02096,4.4435199999999995,0.25,1.1108799999999999,105.8228431513755,0.0
D01_RD14-0003-40_41_42_43-1;1;1;1-M3a-0.124IP-Q0.9_004.5sec.fsa,D13S317,12,12.0,231.22,379.0,11,227.18,186.0,0.49076517150395776,4,0.3,Allele Average,0.0,0.05638,0.05638,21.36802,0.25,5.342005,30.81838747810981,5.746614359263798e-207
D01_RD14-0003-40_41_42_43-1;1;1;1-M3a-0.124IP-Q0.9_004.5sec.fsa,D16S539,10,10.0,271.06,308.0,9,267.13,291.0,0.9448051948051948,4,0.3,Allele Regression,0.0118,-0.0595,,,,,,0.0
D01_RD14-0003-40_41_42_43-1;1;1;1-M3a-0.124IP-Q0.9_004.5sec.fsa,D16S539,12,12.0,279.1,120.0,11,275.07,86.0,0.7166666666666667,4,0.3,Allele Regression,0.0118,-0.0595,,,,,,0.0
D01_RD14-0003-40_41_42_43-1;1;1;1-M3a-0.124IP-Q0.9_004.5sec.fsa,D18S51,13,13.0,284.88,119.0,12,280.76,54.0,0.453781512605042,4,0.3,Allele Regression,0.00879,-0.04708,0.06718999999999999,7.995609999999998,0.25,1.9989024999999996,23.01482438488121,9.571596872239931e-116
D01_RD14-0003-40_41_42_43-1;1;1;1-M3a-0.124IP-Q0.9_004.5sec.fsa,D19S433,14,14.0,119.87,184.0,13,115.98,103.0,0.5597826086956522,4,0.3,Allele Average,0.0,0.08044,0.08044,14.80096,0.25,3.70024,23.83603225736709,4.230561151291365e-124
D01_RD14-0003-40_41_42_43-1;1;1;1-M3a-0.124IP-Q0.9_004.5sec.fsa,D5S818,12,12.0,152.85,217.0,11,148.74,152.0,0.7004608294930875,4,0.3,Allele Average,0.0,0.07378,,,,,,0.0
D01_RD14-0003-40_41_42_43-1;1;1;1-M3a-0.124IP-Q0.9_004.5sec.fsa,D7S820,9,9.0,265.9,82.0,8,261.85,58.0,0.7073170731707317,4,0.3,Allele Regression,0.01048,-0.05172,,,,,,0.0
D01_RD14-0003-40_41_42_43-1;1;1;1-M3a-0.124IP-Q0.9_004.5sec.fsa,D8S1179,14,14.0,145.93,172.0,13,141.77,68.0,0.3953488372093023,4,0.3,Allele Average,0.0,0.08246,0.08246,14.18312,0.25,3.54578,15.177726762517695,9.489110745643397e-51
D01_RD14-0003-40_41_42_43-1;1;1;1-M3a-0.124IP-Q0.9_004.5sec.fsa,FGA,21,21.0,229.03,173.0,20,224.99,80.0,0.4624277456647399,4,0.3,Allele Average,0.0,0.08296,0.08296,14.35208,0.25,3.58802,18.296419752398258,2.032413311965525e-73
D01_RD14-0003-40_41_42_43-1;1;1;1-M3a-0.124IP-Q0.9_004.5sec.fsa,TH01,8,8.0,176.4,271.0,7,172.33,239.0,0.8819188191881919,4,0.3,LUS Regression,0.00185,0.00801,,,,,,0.0
D01_RD14-0003-40_41_42_43-1;1;1;1-M3a-0.124IP-Q0.9_004.5sec.fsa,TPOX,11,11.0,240.57,120.0,10,236.5,81.0,0.675,4,0.3,Allele Regression,0.00611,-0.02772,,,,,,0.0
D01_RD14-0003-44_45-1;1-M3S30-0.062IP-Q3.1_004.5sec.fsa,D3S1358,17,17.0,130.19,79.0,16,126.41,60.0,0.759493670886076,4,0.3,Allele Average,0.0,0.0986,,,,,,0.0
D01_RD14-0003-44_45-1;1-M3S30-0.062IP-Q3.1_004.5sec.fsa,D3S1358,16,16.0,126.41,60.0,15,122.35,38.0,0.6333333333333333,4,0.3,Allele Average,0.0,0.0986,0.0986,5.9159999999999995,0.25,1.4789999999999999,21.693035835023668,6.503644477212042e-103
D01_RD14-0003-44_45-1;1-M3S30-0.062IP-Q3.1_004.5sec.fsa,TH01,7,7.0,172.65,30.0,6,168.53,30.0,1.0,4,0.3,LUS Regression,0.00185,0.00801,,,,,,0.0
D01_RD14-0003-44_45-1;1-M3a-0.062IP-Q0.5_004.5sec.fsa,D13S317,13,13.0,235.36,86.0,12,231.23,78.0,0.9069767441860465,4,0.3,Allele Average,0.0,0.05638,,,,,,0.0
D01_RD14-0003-44_45-1;1-M3a-0.062IP-Q0.5_004.5sec.fsa,D16S539,11,11.0,275.23,238.0,10,271.24,227.0,0.9537815126050421,4,0.3,Allele Regression,0.0118,-0.0595,,,,,,0.0
D01_RD14-0003-44_45-1;1-M3a-0.062IP-Q0.5_004.5sec.fsa,D18S51,17,17.0,301.16,91.0,16,297.13,58.0,0.6373626373626373,4,0.3,Allele Regression,0.00879,-0.04708,0.10234999999999998,9.313849999999999,0.25,2.3284624999999997,20.909140688329746,1.1612554127210025e-95
D01_RD14-0003-44_45-1;1-M3a-0.062IP-Q0.5_004.5sec.fsa,D19S433,14,14.0,120.15,109.0,13,116.16,63.0,0.5779816513761468,4,0.3,Allele Average,0.0,0.08044,0.08044,8.76796,0.25,2.19199,24.74100703014156,1.2033423003352322e-133
D01_RD14-0003-44_45-1;1-M3a-0.062IP-Q0.5_004.5sec.fsa,D21S11,32,32.0,214.76,71.0,31,210.69,64.0,0.9014084507042254,4,0.3,Allele Average,0.0,0.0899,,,,,,0.0
D01_RD14-0003-44_45-1;1-M3a-0.062IP-Q0.5_004.5sec.fsa,D3S1358,17,17.0,130.17,81.0,16,126.39,30.0,0.37037037037037035,4,0.3,Allele Average,0.0,0.0986,0.0986,7.986599999999999,0.25,1.9966499999999998,11.0251671549846,4.02547176687521e-27
D01_RD14-0003-44_45-1;1-M3a-0.062IP-Q0.5_004.5sec.fsa,D7S820,10,10.0,270.13,113.0,9,266.07,35.0,0.30973451327433627,4,0.3,Allele Regression,0.01048,-0.05172,0.05308,5.9980400000000005,0.25,1.4995100000000001,19.34095804629512,5.904109012105682e-82
D01_RD14-0003-44_45-1;1-M3a-0.062IP-Q0.5_004.5sec.fsa,TH01,7,7.0,172.6,111.0,6,168.5,45.0,0.40540540540540543,4,0.3,LUS Regression,0.00185,0.00801,0.02096,2.3265599999999997,0.25,0.5816399999999999,73.36744377965752,0.0
D02_RD14-0003-40_41_42_43-1;1;1;1-M2e-0.124IP-Q3.2_004.5sec.fsa,D13S317,12,12.0,231.24,38.0,11,227.26,20.0,0.5263157894736842,4,0.3,Allele Average,0.0,0.05638,0.05638,2.14244,0.25,0.53561,33.34060230391516,4.169147217259681e-242
D02_RD14-0003-40_41_42_43-1;1;1;1-M2e-0.124IP-Q3.2_004.5sec.fsa,D16S539,10,10.0,271.28,47.0,9,267.21,20.0,0.425531914893617,4,0.3,Allele Regression,0.0118,-0.0595,0.058499999999999996,2.7495,0.25,0.687375,25.096199308965268,1.7238287985582203e-137
D02_RD14-0003-40_41_42_43-1;1;1;1-M2e-0.124IP-Q3.2_004.5sec.fsa,D19S433,14.2,14.2,122.15,87.0,13.2,118.15,73.0,0.8390804597701149,4,0.3,Allele Average,0.0,0.08044,,,,,,0.0
D02_RD14-0003-40_41_42_43-1;1;1;1-M2e-0.124IP-Q3.2_004.5sec.fsa,D3S1358,16,16.0,126.12,112.0,15,122.3,111.0,0.9910714285714286,4,0.3,Allele Average,0.0,0.0986,,,,,,0.0
D02_RD14-0003-40_41_42_43-1;1;1;1-M2e-0.124IP-Q3.2_004.5sec.fsa,D8S1179,14,14.0,145.92,60.0,13,141.82,26.0,0.43333333333333335,4,0.3,Allele Average,0.0,0.08246,0.08246,4.9476,0.25,1.2369,17.020292667151747,1.2431887120984327e-63
D02_RD14-0003-40_41_42_43-1;1;1;1-M2e-0.124IP-Q3.2_004.5sec.fsa,TH01,9,9.0,180.69,66.0,8,176.6,59.0,0.8939393939393939,4,0.3,LUS Regression,0.00185,0.00801,,,,,,0.0
D02_RD14-0003-40_41_42_43-1;1;1;1-M2e-0.124IP-Q3.2_004.5sec.fsa,TH01,8,8.0,176.6,59.0,7,172.52,38.0,0.6440677966101694,4,0.3,LUS Regression,0.00185,0.00801,0.02281,1.34579,0.25,0.3364475,108.94481308376491,0.0
D02_RD14-0003-44_45-1;1-M4e-0.062IP-Q1.3_004.5sec.fsa,D19S433,14,14.0,120.07,77.0,13,116.2,42.0,0.5454545454545454,4,0.3,Allele Average,0.0,0.08044,0.08044,6.19388,0.25,1.54847,23.123547760047014,7.792995946505567e-117
D02_RD14-0003-44_45-1;1-M4e-0.062IP-Q1.3_004.5sec.fsa,D3S1358,17,17.0,130.23,28.0,16,126.47,24.0,0.8571428571428571,4,0.3,Allele Average,0.0,0.0986,,,,,,0.0
D06_RD14-0003-46_47_48-1;1;1-M3a-0.093IP-Q0.5_004.5sec.fsa,CSF1PO,12,12.0,326.91,121.0,11,322.87,82.0,0.6776859504132231,4,0.3,Allele Regression,0.01144,-0.05766,,,,,,0.0
D06_RD14-0003-46_47_48-1;1;1-M3a-0.093IP-Q0.5_004.5sec.fsa,D13S317,12,12.0,231.32,506.0,11,227.28,178.0,0.35177865612648224,4,0.3,Allele Average,0.0,0.05638,0.05638,28.52828,0.25,7.13207,20.957691105106935,4.202840889478498e-96
D06_RD14-0003-46_47_48-1;1;1-M3a-0.093IP-Q0.5_004.5sec.fsa,D16S539,12,12.0,279.27,408.0,11,275.3,101.0,0.24754901960784315,4,0.3,Allele Regression,0.0118,-0.0595,0.0821,33.4968,0.25,8.3742,8.060853574072746,7.768648597600536e-15
D06_RD14-0003-46_47_48-1;1;1-M3a-0.093IP-Q0.5_004.5sec.fsa,D18S51,18,18.0,305.04,121.0,17,301.11,104.0,0.859504132231405,4,0.3,Allele Regression,0.00879,-0.04708,,,,,,0.0
D06_RD14-0003-46_47_48-1;1;1-M3a-0.093IP-Q0.5_004.5sec.fsa,D18S51,13,13.0,285.13,221.0,12,281.04,55.0,0.248868778280543,4,0.3,Allele Regression,0.00879,-0.04708,0.06718999999999999,14.848989999999997,0.25,3.7122474999999993,10.815822490283853,3.959842877895773e-26
D06_RD14-0003-46_47_48-1;1;1-M3a-0.093IP-Q0.5_004.5sec.fsa,D21S11,30,30.0,206.74,78.0,29,202.63,78.0,1.0,4,0.3,Allele Average,0.0,0.0899,,,,,,0.0
D06_RD14-0003-46_47_48-1;1;1-M3a-0.093IP-Q0.5_004.5sec.fsa,D2S1338,25,25.0,345.16,189.0,24,341.18,97.0,0.5132275132275133,4,0.3,Allele Average,0.0,0.09165,0.09165,17.321849999999998,0.25,4.330462499999999,18.399455023568503,3.0689156765830272e-74
D06_RD14-0003-46_47_48-1;1;1-M3a-0.093IP-Q0.5_004.5sec.fsa,D2S1338,24,24.0,341.18,97.0,23,337.18,92.0,0.9484536082474226,4,0.3,Allele Average,0.0,0.09165,,,,,,0.0
D06_RD14-0003-46_47_48-1;1;1-M3a-0.093IP-Q0.5_004.5sec.fsa,D5S818,12,12.0,152.98,130.0,11,148.86,95.0,0.7307692307692307,4,0.3,Allele Average,0.0,0.07378,,,,,,0.0
D06_RD14-0003-46_47_48-1;1;1-M3a-0.093IP-Q0.5_004.5sec.fsa,D7S820,10,10.0,270.13,138.0,9,266.1,122.0,0.8840579710144928,4,0.3,Allele Regression,0.01048,-0.05172,,,,,,0.0
D06_RD14-0003-46_47_48-1;1;1-M3a-0.093IP-Q0.5_004.5sec.fsa,FGA,22,22.0,233.23,81.0,21,229.1,64.0,0.7901234567901234,4,0.3,Allele Average,0.0,0.08296,,,,,,0.0
D06_RD14-0003-46_47_48-1;1;1-M3a-0.093IP-Q0.5_004.5sec.fsa,TH01,7,7.0,172.65,167.0,6,168.55,140.0,0.8383233532934131,4,0.3,LUS Regression,0.00185,0.00801,,,,,,0.0
D06_RD14-0003-46_47_48-1;1;1-M3a-0.093IP-Q0.5_004.5sec.fsa,TPOX,10,10.0,236.81,167.0,9,232.75,69.0,0.41317365269461076,4,0.3,Allele Regression,0.00611,-0.02772,0.03338,5.57446,0.25,1.393615,45.51152219228409,0.0
E01_RD14-0003-40_41_42_43-1;1;1;1-M4a-0.06IP-Q0.7_001.5sec.fsa,D13S317,12,12.0,231.22,303.0,11,227.21,52.0,0.1716171617161716,4,0.3,Allele Average,0.0,0.05638,0.05638,17.08314,0.25,4.270785,8.175747549923491,3.056750412137164e-15
E01_RD14-0003-40_41_42_43-1;1;1;1-M4a-0.06IP-Q0.7_001.5sec.fsa,D16S539,11,11.0,275.27,97.0,10,271.21,95.0,0.979381443298969,4,0.3,Allele Regression,0.0118,-0.0595,,,,,,0.0
E01_RD14-0003-40_41_42_43-1;1;1;1-M4a-0.06IP-Q0.7_001.5sec.fsa,D16S539,10,10.0,271.21,95.0,9,267.25,37.0,0.3894736842105263,4,0.3,Allele Regression,0.0118,-0.0595,0.058499999999999996,5.557499999999999,0.25,1.3893749999999998,22.630679262258216,6.145428547044419e-112
E01_RD14-0003-40_41_42_43-1;1;1;1-M4a-0.06IP-Q0.7_001.5sec.fsa,D18S51,19,19.0,308.95,58.0,18,304.95,54.0,0.9310344827586207,4,0.3,Allele Regression,0.00879,-0.04708,,,,,,0.0
E01_RD14-0003-40_41_42_43-1;1;1;1-M4a-0.06IP-Q0.7_001.5sec.fsa,D3S1358,17,17.0,130.24,128.0,16,126.04,67.0,0.5234375,4,0.3,Allele Average,0.0,0.0986,0.0986,12.6208,0.25,3.1552,17.234787018255577,3.1553179337082966e-65
E01_RD14-0003-40_41_42_43-1;1;1;1-M4a-0.06IP-Q0.7_001.5sec.fsa,D5S818,12,12.0,152.9,107.0,11,148.74,58.0,0.5420560747663551,4,0.3,Allele Average,0.0,0.07378,0.07378,7.89446,0.25,1.973615,25.387697195248315,1.0989207703799822e-140
E01_RD14-0003-40_41_42_43-1;1;1;1-M4a-0.06IP-Q0.7_001.5sec.fsa,D8S1179,14,14.0,145.92,167.0,13,141.7,120.0,0.718562874251497,4,0.3,Allele Average,0.0,0.08246,,,,,,0.0
E01_RD14-0003-40_41_42_43-1;1;1;1-M4a-0.06IP-Q0.7_001.5sec.fsa,D8S1179,13,13.0,141.7,120.0,12,137.52,31.0,0.25833333333333336,4,0.3,Allele Average,0.0,0.08246,0.08246,9.8952,0.25,2.4738,8.531328320802004,1.5676536785249488e-16
E01_RD14-0003-40_41_42_43-1;1;1;1-M4a-0.06IP-Q0.7_001.5sec.fsa,FGA,21,21.0,228.99,56.0,20,224.91,47.0,0.8392857142857143,4,0.3,Allele Average,0.0,0.08296,,,,,,0.0
E01_RD14-0003-40_41_42_43-1;1;1;1-M4a-0.06IP-Q0.7_001.5sec.fsa,TH01,8,8.0,176.47,82.0,7,172.49,65.0,0.7926829268292683,4,0.3,LUS Regression,0.00185,0.00801,,,,,,0.0
E01_RD14-0003-44_45-1;1-M4a-0.031IP-Q0.5_001.5sec.fsa,CSF1PO,12,12.0,326.89,67.0,11,322.85,27.0,0.40298507462686567,4,0.3,Allele Regression,0.01144,-0.05766,0.07962000000000001,5.3345400000000005,0.25,1.3336350000000001,16.24541947384404,4.919015717537764e-58
E01_RD14-0003-44_45-1;1-M4a-0.031IP-Q0.5_001.5sec.fsa,D13S317,13,13.0,235.4,108.0,12,231.31,37.0,0.3425925925925926,4,0.3,Allele Average,0.0,0.05638,0.05638,6.08904,0.25,1.52226,20.30596612930774,2.905275281731072e-90
E01_RD14-0003-44_45-1;1-M4a-0.031IP-Q0.5_001.5sec.fsa,D16S539,11,11.0,275.3,118.0,10,271.27,78.0,0.6610169491525424,4,0.3,Allele Regression,0.0118,-0.0595,,,,,,0.0
E01_RD14-0003-44_45-1;1-M4a-0.031IP-Q0.5_001.5sec.fsa,D18S51,17,17.0,301.14,80.0,16,297.1,59.0,0.7375,4,0.3,Allele Regression,0.00879,-0.04708,,,,,,0.0
E01_RD14-0003-44_45-1;1-M4a-0.031IP-Q0.5_001.5sec.fsa,D19S433,15,15.0,124.15,74.0,14,120.23,30.0,0.40540540540540543,4,0.3,Allele Average,0.0,0.08044,0.08044,5.95256,0.25,1.48814,16.15939360544035,1.982481718184012e-57
E01_RD14-0003-44_45-1;1-M4a-0.031IP-Q0.5_001.5sec.fsa,FGA,25,25.0,245.52,45.0,24,241.45,36.0,0.8,4,0.3,Allele Average,0.0,0.08296,,,,,,0.0
E06_RD14-0003-46_47_48-1;1;1-M3a-0.045IP-Q0.5_001.5sec.fsa,CSF1PO,12,12.0,326.86,60.0,11,322.84,33.0,0.55,4,0.3,Allele Regression,0.01144,-0.05766,0.07962000000000001,4.777200000000001,0.25,1.1943000000000001,23.6312484300427,5.459898304728881e-122
E06_RD14-0003-46_47_48-1;1;1-M3a-0.045IP-Q0.5_001.5sec.fsa,D13S317,12,12.0,231.21,281.0,11,227.23,84.0,0.298932384341637,4,0.3,Allele Average,0.0,0.05638,0.05638,15.84278,0.25,3.960695,17.20839903097815,4.970559652611016e-65
E06_RD14-0003-46_47_48-1;1;1-M3a-0.045IP-Q0.5_001.5sec.fsa,D16S539,12,12.0,279.2,200.0,11,275.3,60.0,0.3,4,0.3,Allele Regression,0.0118,-0.0595,0.0821,16.42,0.25,4.105,10.616321559074299,3.358470298542986e-25
E06_RD14-0003-46_47_48-1;1;1-M3a-0.045IP-Q0.5_001.5sec.fsa,D18S51,13,13.0,285.08,191.0,12,281.05,76.0,0.39790575916230364,4,0.3,Allele Regression,0.00879,-0.04708,0.06718999999999999,12.833289999999998,0.25,3.2083224999999995,19.688391675088777,6.708326584785873e-85
E06_RD14-0003-46_47_48-1;1;1-M3a-0.045IP-Q0.5_001.5sec.fsa,D18S51,18,18.0,305.07,82.0,17,301.04,38.0,0.4634146341463415,4,0.3,Allele Regression,0.00879,-0.04708,0.11113999999999997,9.113479999999997,0.25,2.2783699999999993,12.678590395765399,1.2425317636830208e-35
E06_RD14-0003-46_47_48-1;1;1-M3a-0.045IP-Q0.5_001.5sec.fsa,D21S11,32.2,32.2,216.69,66.0,31.2,212.64,44.0,0.6666666666666666,4,0.3,Allele Average,0.0,0.0899,,,,,,0.0
E06_RD14-0003-46_47_48-1;1;1-M3a-0.045IP-Q0.5_001.5sec.fsa,D21S11,31,31.0,210.69,59.0,30,206.72,31.0,0.5254237288135594,4,0.3,Allele Average,0.0,0.0899,0.0899,5.3041,0.25,1.326025,19.3781414377557,2.8742588067952106e-82
E06_RD14-0003-46_47_48-1;1;1-M3a-0.045IP-Q0.5_001.5sec.fsa,D2S1338,24,24.0,341.1,176.0,23,337.11,88.0,0.5,4,0.3,Allele Average,0.0,0.09165,0.09165,16.130399999999998,0.25,4.0325999999999995,17.822149481723955,1.0659488506976169e-69
E06_RD14-0003-46_47_48-1;1;1-M3a-0.045IP-Q0.5_001.5sec.fsa,D3S1358,15,15.0,122.26,118.0,14,118.39,95.0,0.8050847457627118,4,0.3,Allele Average,0.0,0.0986,,,,,,0.0
E06_RD14-0003-46_47_48-1;1;1-M3a-0.045IP-Q0.5_001.5sec.fsa,FGA,22,22.0,233.21,40.0,21,229.13,31.0,0.775,4,0.3,Allele Average,0.0,0.08296,,,,,,0.0
E06_RD14-0003-46_47_48-1;1;1-M3a-0.045IP-Q0.5_001.5sec.fsa,TH01,7,7.0,172.64,137.0,6,168.55,75.0,0.5474452554744526,4,0.3,LUS Regression,0.00185,0.00801,0.02096,2.87152,0.25,0.71788,100.47428539588789,0.0
E06_RD14-0003-46_47_48-1;1;1-M3a-0.045IP-Q0.5_001.5sec.fsa,TPOX,10,10.0,236.69,59.0,9,232.69,47.0,0.7966101694915254,4,0.3,Allele Regression,0.00611,-0.02772,,,,,,0.0
E07_RD14-0003-46_47_48-1;1;1-M3e-0.093IP-Q0.8_001.5sec.fsa,CSF1PO,12,12.0,326.8,81.0,11,322.71,32.0,0.3950617283950617,4,0.3,Allele Regression,0.01144,-0.05766,0.07962000000000001,6.44922,0.25,1.612305,15.847361386338191,2.923403910336901e-55
E07_RD14-0003-46_47_48-1;1;1-M3e-0.093IP-Q0.8_001.5sec.fsa,D13S317,12,12.0,231.22,70.0,11,227.24,37.0,0.5285714285714286,4,0.3,Allele Average,0.0,0.05638,0.05638,3.9466,0.25,0.98665,33.50063345664622,1.9828628658704817e-244
E07_RD14-0003-46_47_48-1;1;1-M3e-0.093IP-Q0.8_001.5sec.fsa,D19S433,15,15.0,124.03,73.0,14,120.07,24.0,0.3287671232876712,4,0.3,Allele Average,0.0,0.08044,0.08044,5.87212,0.25,1.46803,12.348439745781763,7.736203660966312e-34
E07_RD14-0003-46_47_48-1;1;1-M3e-0.093IP-Q0.8_001.5sec.fsa,D21S11,31,31.0,210.68,42.0,30,206.75,23.0,0.5476190476190477,4,0.3,Allele Average,0.0,0.0899,0.0899,3.7758,0.25,0.94395,20.365697335663967,8.622969186219729e-91
E07_RD14-0003-46_47_48-1;1;1-M3e-0.093IP-Q0.8_001.5sec.fsa,D2S1338,25,25.0,345.17,91.0,24,341.15,29.0,0.31868131868131866,4,0.3,Allele Average,0.0,0.09165,0.09165,8.34015,0.25,2.0850375,9.908622746593286,4.789709099168312e-22
E07_RD14-0003-46_47_48-1;1;1-M3e-0.093IP-Q0.8_001.5sec.fsa,D5S818,12,12.0,153.04,69.0,11,148.76,37.0,0.5362318840579711,4,0.3,Allele Average,0.0,0.07378,0.07378,5.09082,0.25,1.272705,25.071937330331853,3.1681156917323064e-137
E07_RD14-0003-46_47_48-1;1;1-M3e-0.093IP-Q0.8_001.5sec.fsa,TH01,7,7.0,172.61,115.0,6,168.45,30.0,0.2608695652173913,4,0.3,LUS Regression,0.00185,0.00801,0.02096,2.4104,0.25,0.6026,45.784268171257885,0.0
E07_RD14-0003-46_47_48-1;1;1-M3e-0.093IP-Q0.8_001.5sec.fsa,TPOX,10,10.0,236.78,38.0,9,232.7,21.0,0.5526315789473685,4,0.3,Allele Regression,0.00611,-0.02772,0.03338,1.26844,0.25,0.31711,62.2230771656523,0.0
F01_RD14-0003-44_45-1;1-M2d-0.25IP-Q0.7_002.5sec.fsa,D16S539,11,11.0,275.22,428.0,10,271.3,278.0,0.6495327102803738,4,0.3,Allele Regression,0.0118,-0.0595,0.0703,30.0884,0.25,7.5221,32.957764454075324,1.3538644266369924e-236
F01_RD14-0003-44_45-1;1-M2d-0.25IP-Q0.7_002.5sec.fsa,D7S820,10,10.0,270.13,137.0,9,266.05,63.0,0.45985401459854014,4,0.3,Allele Regression,0.01048,-0.05172,0.05308,7.27196,0.25,1.81799,30.653655960703855,9.085067986341253e-205
F01_RD14-0003-44_45-1;1-M2d-0.25IP-Q0.7_002.5sec.fsa,FGA,25,25.0,245.52,155.0,24,241.36,156.0,1.0064516129032257,4,0.3,Allele Average,0.0,0.08296,,,,,,0.0
F02_RD14-0003-46_47_48-1;1;1-M2S10-0.375IP-Q1.2_002.5sec.fsa,D13S317,12,12.0,231.28,355.0,11,227.23,91.0,0.2563380281690141,4,0.3,Allele Average,0.0,0.05638,0.05638,20.0149,0.25,5.003725,14.186451093935018,1.9858494784430568e-44
F02_RD14-0003-46_47_48-1;1;1-M2S10-0.375IP-Q1.2_002.5sec.fsa,D16S539,12,12.0,279.3,150.0,11,275.37,79.0,0.5266666666666666,4,0.3,Allele Regression,0.0118,-0.0595,0.0821,12.315000000000001,0.25,3.0787500000000003,21.659764514819326,1.337737918125509e-102
F02_RD14-0003-46_47_48-1;1;1-M2S10-0.375IP-Q1.2_002.5sec.fsa,D19S433,15,15.0,124.12,104.0,14,120.16,102.0,0.9807692307692307,4,0.3,Allele Average,0.0,0.08044,,,,,,0.0
F02_RD14-0003-46_47_48-1;1;1-M2S10-0.375IP-Q1.2_002.5sec.fsa,D21S11,30,30.0,206.76,68.0,29,202.75,68.0,1.0,4,0.3,Allele Average,0.0,0.0899,,,,,,0.0
F02_RD14-0003-46_47_48-1;1;1-M2S10-0.375IP-Q1.2_002.5sec.fsa,D5S818,12,12.0,153.06,212.0,11,148.94,156.0,0.7358490566037735,4,0.3,Allele Average,0.0,0.07378,,,,,,0.0
F02_RD14-0003-46_47_48-1;1;1-M2S10-0.375IP-Q1.2_002.5sec.fsa,TH01,7,7.0,172.75,266.0,6,168.63,158.0,0.5939849624060151,4,0.3,LUS Regression,0.00185,0.00801,0.02096,5.57536,0.25,1.39384,109.35590885610975,0.0
F06_RD14-0003-46_47_48-1;1;1-M3d-0.375IP-Q0.5_002.5sec.fsa,D16S539,12,12.0,279.3,331.0,11,275.33,325.0,0.9818731117824774,4,0.3,Allele Regression,0.0118,-0.0595,,,,,,0.0
F06_RD14-0003-46_47_48-1;1;1-M3d-0.375IP-Q0.5_002.5sec.fsa,D18S51,13,13.0,285.15,213.0,12,281.05,145.0,0.6807511737089202,4,0.3,Allele Regression,0.00879,-0.04708,,,,,,0.0
F06_RD14-0003-46_47_48-1;1;1-M3d-0.375IP-Q0.5_002.5sec.fsa,D2S1338,25,25.0,345.22,336.0,24,341.19,161.0,0.4791666666666667,4,0.3,Allele Average,0.0,0.09165,0.09165,30.7944,0.25,7.6986,16.912893253318785,7.689699911520543e-63
F06_RD14-0003-46_47_48-1;1;1-M3d-0.375IP-Q0.5_002.5sec.fsa,D5S818,12,12.0,152.94,394.0,11,148.86,314.0,0.7969543147208121,4,0.3,Allele Average,0.0,0.07378,,,,,,0.0
F06_RD14-0003-46_47_48-1;1;1-M3d-0.375IP-Q0.5_002.5sec.fsa,D7S820,10,10.0,270.15,174.0,9,266.03,172.0,0.9885057471264368,4,0.3,Allele Regression,0.01048,-0.05172,,,,,,0.0
F06_RD14-0003-46_47_48-1;1;1-M3d-0.375IP-Q0.5_002.5sec.fsa,D7S820,9,9.0,266.03,172.0,8,262.1,96.0,0.5581395348837209,4,0.3,Allele Regression,0.01048,-0.05172,0.0426,7.3271999999999995,0.25,1.8317999999999999,48.40746806419915,0.0
F06_RD14-0003-46_47_48-1;1;1-M3d-0.375IP-Q0.5_002.5sec.fsa,FGA,27,27.0,253.54,79.0,26,249.47,75.0,0.9493670886075949,4,0.3,Allele Average,0.0,0.08296,,,,,,0.0
F06_RD14-0003-46_47_48-1;1;1-M3d-0.375IP-Q0.5_002.5sec.fsa,FGA,26,26.0,249.47,75.0,25,245.49,72.0,0.96,4,0.3,Allele Average,0.0,0.08296,,,,,,0.0
F06_RD14-0003-46_47_48-1;1;1-M3d-0.375IP-Q0.5_002.5sec.fsa,TH01,7,7.0,172.61,436.0,6,168.59,268.0,0.6146788990825688,4,0.3,LUS Regression,0.00185,0.00801,0.02096,9.13856,0.25,2.28464,113.30513341270398,0.0
F06_RD14-0003-46_47_48-1;1;1-M3d-0.375IP-Q0.5_002.5sec.fsa,TPOX,10,10.0,236.8,154.0,9,232.82,95.0,0.6168831168831169,4,0.3,Allele Regression,0.00611,-0.02772,0.03338,5.14052,0.25,1.28513,69.92248255040346,0.0
F07_RD14-0003-46_47_48-1;1;1-M3e-0.045IP-Q0.8_002.5sec.fsa,D13S317,12,12.0,231.25,63.0,11,227.13,37.0,0.5873015873015873,4,0.3,Allele Average,0.0,0.05638,0.05638,3.55194,0.25,0.887985,37.667370507384696,8.03167633229133e-309
G01_RD14-0003-44_45-1;1-M3d-0.126IP-Q0.5_003.5sec.fsa,CSF1PO,12,12.0,326.93,95.0,11,322.83,44.0,0.4631578947368421,4,0.3,Allele Regression,0.01144,-0.05766,0.07962000000000001,7.563900000000001,0.25,1.8909750000000003,19.26841973056227,2.395023579116465e-81
G01_RD14-0003-44_45-1;1-M3d-0.126IP-Q0.5_003.5sec.fsa,D16S539,11,11.0,275.31,262.0,10,271.3,125.0,0.4770992366412214,4,0.3,Allele Regression,0.0118,-0.0595,0.0703,18.4186,0.25,4.60465,23.146471501634217,4.585432324498805e-117
G01_RD14-0003-44_45-1;1-M3d-0.126IP-Q0.5_003.5sec.fsa,D19S433,14,14.0,120.15,184.0,13,116.28,137.0,0.7445652173913043,4,0.3,Allele Average,0.0,0.08044,,,,,,0.0
G01_RD14-0003-44_45-1;1-M3d-0.126IP-Q0.5_003.5sec.fsa,D21S11,32,32.0,214.83,37.0,31,210.73,33.0,0.8918918918918919,4,0.3,Allele Average,0.0,0.0899,,,,,,0.0
G01_RD14-0003-44_45-1;1-M3d-0.126IP-Q0.5_003.5sec.fsa,D3S1358,17,17.0,130.16,309.0,16,126.41,158.0,0.511326860841424,4,0.3,Allele Average,0.0,0.0986,0.0986,30.467399999999998,0.25,7.6168499999999995,16.74348319843505,1.3305280113948675e-61
G01_RD14-0003-44_45-1;1-M3d-0.126IP-Q0.5_003.5sec.fsa,D7S820,10,10.0,270.14,73.0,9,266.14,43.0,0.589041095890411,4,0.3,Allele Regression,0.01048,-0.05172,0.05308,3.8748400000000003,0.25,0.9687100000000001,40.388929607416046,0.0
G01_RD14-0003-44_45-1;1-M3d-0.126IP-Q0.5_003.5sec.fsa,FGA,25,25.0,245.53,97.0,24,241.45,48.0,0.4948453608247423,4,0.3,Allele Average,0.0,0.08296,0.08296,8.047120000000001,0.25,2.0117800000000003,19.859467735040607,2.2775234305315335e-86
G01_RD14-0003-44_45-1;1-M3d-0.126IP-Q0.5_003.5sec.fsa,TH01,7,7.0,172.75,150.0,6,168.69,65.0,0.43333333333333335,4,0.3,LUS Regression,0.00185,0.00801,0.02096,3.144,0.25,0.786,78.69720101781171,0.0
G04_RD14-0003-40_41_42_43-1;1;1;1-M1S10-0.5IP-Q1.3_003.5sec.fsa,D13S317,12,12.0,231.27,405.0,11,227.22,98.0,0.2419753086419753,4,0.3,Allele Average,0.0,0.05638,0.05638,22.8339,0.25,5.708475,13.16745715799754,2.2417785131641353e-38
G04_RD14-0003-40_41_42_43-1;1;1;1-M1S10-0.5IP-Q1.3_003.5sec.fsa,D5S818,12,12.0,152.95,279.0,11,148.86,268.0,0.9605734767025089,4,0.3,Allele Average,0.0,0.07378,,,,,,0.0
G04_RD14-0003-40_41_42_43-1;1;1;1-M1S10-0.5IP-Q1.3_003.5sec.fsa,D8S1179,14,14.0,146.2,354.0,13,141.98,233.0,0.6581920903954802,4,0.3,Allele Average,0.0,0.08246,,,,,,0.0
G04_RD14-0003-40_41_42_43-1;1;1;1-M1S10-0.5IP-Q1.3_003.5sec.fsa,D8S1179,13,13.0,141.98,233.0,12,137.82,143.0,0.6137339055793991,4,0.3,Allele Average,0.0,0.08246,0.08246,19.21318,0.25,4.803295,25.771229957768572,6.029666582197626e-145
G04_RD14-0003-40_41_42_43-1;1;1;1-M1S10-0.5IP-Q1.3_003.5sec.fsa,D8S1179,12,12.0,137.82,143.0,11,133.73,122.0,0.8531468531468531,4,0.3,Allele Average,0.0,0.08246,,,,,,0.0
G04_RD14-0003-40_41_42_43-1;1;1;1-M1S10-0.5IP-Q1.3_003.5sec.fsa,TH01,8,8.0,176.67,348.0,7,172.67,309.0,0.8879310344827587,4,0.3,LUS Regression,0.00185,0.00801,,,,,,0.0
G06_RD14-0003-46_47_48-1;1;1-M4d-0.189IP-Q0.6_003.5sec.fsa,D13S317,12,12.0,231.27,378.0,11,227.22,100.0,0.26455026455026454,4,0.3,Allele Average,0.0,0.05638,0.05638,21.31164,0.25,5.32791,14.76908581413725,4.3108563395004326e-48
G06_RD14-0003-46_47_48-1;1;1-M4d-0.189IP-Q0.6_003.5sec.fsa,D16S539,12,12.0,279.29,151.0,11,275.33,109.0,0.7218543046357616,4,0.3,Allele Regression,0.0118,-0.0595,,,,,,0.0
G06_RD14-0003-46_47_48-1;1;1-M4d-0.189IP-Q0.6_003.5sec.fsa,D18S51,13,13.0,285.12,104.0,12,281.13,71.0,0.6826923076923077,4,0.3,Allele Regression,0.00879,-0.04708,,,,,,0.0
G06_RD14-0003-46_47_48-1;1;1-M4d-0.189IP-Q0.6_003.5sec.fsa,D21S11,31,31.0,210.62,54.0,30,206.68,49.0,0.9074074074074074,4,0.3,Allele Average,0.0,0.0899,,,,,,0.0
G06_RD14-0003-46_47_48-1;1;1-M4d-0.189IP-Q0.6_003.5sec.fsa,D2S1338,25,25.0,345.2,138.0,24,341.18,62.0,0.4492753623188406,4,0.3,Allele Average,0.0,0.09165,0.09165,12.647699999999999,0.25,3.1619249999999997,15.608308229954854,1.2552905102241674e-53
G06_RD14-0003-46_47_48-1;1;1-M4d-0.189IP-Q0.6_003.5sec.fsa,D2S1338,24,24.0,341.18,62.0,23,337.24,57.0,0.9193548387096774,4,0.3,Allele Average,0.0,0.09165,,,,,,0.0
G06_RD14-0003-46_47_48-1;1;1-M4d-0.189IP-Q0.6_003.5sec.fsa,D5S818,13,13.0,157.13,102.0,12,153.0,65.0,0.6372549019607843,4,0.3,Allele Average,0.0,0.07378,0.07378,7.52556,0.25,1.88139,30.54892393389994,2.239823612146593e-203
G06_RD14-0003-46_47_48-1;1;1-M4d-0.189IP-Q0.6_003.5sec.fsa,D7S820,10,10.0,270.14,84.0,9,266.11,82.0,0.9761904761904762,4,0.3,Allele Regression,0.01048,-0.05172,,,,,,0.0
G06_RD14-0003-46_47_48-1;1;1-M4d-0.189IP-Q0.6_003.5sec.fsa,D8S1179,14,14.0,146.15,232.0,13,141.99,215.0,0.9267241379310345,4,0.3,Allele Average,0.0,0.08246,,,,,,0.0
G06_RD14-0003-46_47_48-1;1;1-M4d-0.189IP-Q0.6_003.5sec.fsa,FGA,22,22.0,233.17,118.0,21,229.11,113.0,0.9576271186440678,4,0.3,Allele Average,0.0,0.08296,,,,,,0.0
H01_RD14-0003-44_45-1;1-M4d-0.062IP-Q0.9_004.5sec.fsa,D19S433,14,14.0,120.23,101.0,13,116.31,84.0,0.8316831683168316,4,0.3,Allele Average,0.0,0.08044,,,,,,0.0
H01_RD14-0003-44_45-1;1-M4d-0.062IP-Q0.9_004.5sec.fsa,D7S820,10,10.0,270.14,66.0,9,266.1,29.0,0.4393939393939394,4,0.3,Allele Regression,0.01048,-0.05172,0.05308,3.50328,0.25,0.87582,29.111826631042906,9.290731645323971e-185
H01_RD14-0003-44_45-1;1-M4d-0.062IP-Q0.9_004.5sec.fsa,D7S820,9,9.0,266.1,29.0,8,262.14,26.0,0.896551724137931,4,0.3,Allele Regression,0.01048,-0.05172,,,,,,0.0
H01_RD14-0003-44_45-1;1-M4d-0.062IP-Q0.9_004.5sec.fsa,FGA,24,24.0,241.36,72.0,23,237.37,26.0,0.3611111111111111,4,0.3,Allele Average,0.0,0.08296,0.08296,5.973120000000001,0.25,1.4932800000000002,13.41133611914711,8.770865317265121e-40
H02_RD14-0003-46_47_48-1;1;1-M3S10-0.093IP-Q1.4_004.5sec.fsa,D13S317,12,12.0,231.26,112.0,11,227.24,59.0,0.5267857142857143,4,0.3,Allele Average,0.0,0.05638,0.05638,6.31456,0.25,1.57864,33.3739421274008,1.371062440093135e-242
H02_RD14-0003-46_47_48-1;1;1-M3S10-0.093IP-Q1.4_004.5sec.fsa,D5S818,13,13.0,157.13,54.0,12,153.01,34.0,0.6296296296296297,4,0.3,Allele Average,0.0,0.07378,0.07378,3.98412,0.25,0.99603,30.13551800648575,6.2784658121582185e-198
H02_RD14-0003-46_47_48-1;1;1-M3S10-0.093IP-Q1.4_004.5sec.fsa,FGA,26,26.0,249.57,35.0,25,245.49,32.0,0.9142857142857143,4,0.3,Allele Average,0.0,0.08296,,,,,,0.0
H04_RD14-0003-40_41_42_43-1;1;1;1-M2S10-0.252IP-Q1.3_004.5sec.fsa,D13S317,12,12.0,231.26,194.0,11,227.24,57.0,0.29381443298969073,4,0.3,Allele Average,0.0,0.05638,0.05638,10.93772,0.25,2.73443,16.845294997494907,2.4067901921976013e-62
H04_RD14-0003-40_41_42_43-1;1;1;1-M2S10-0.252IP-Q1.3_004.5sec.fsa,D16S539,10,10.0,271.26,50.0,9,267.35,48.0,0.96,4,0.3,Allele Regression,0.0118,-0.0595,,,,,,0.0
H04_RD14-0003-40_41_42_43-1;1;1;1-M2S10-0.252IP-Q1.3_004.5sec.fsa,D19S433,14,14.0,120.08,157.0,13,116.2,158.0,1.0063694267515924,4,0.3,Allele Average,0.0,0.08044,,,,,,0.0
H04_RD14-0003-40_41_42_43-1;1;1;1-M2S10-0.252IP-Q1.3_004.5sec.fsa,D5S818,13,13.0,157.08,135.0,12,153.01,112.0,0.8296296296296296,4,0.3,Allele Average,0.0,0.07378,,,,,,0.0
H04_RD14-0003-40_41_42_43-1;1;1;1-M2S10-0.252IP-Q1.3_004.5sec.fsa,D8S1179,14,14.0,146.15,236.0,13,142.05,165.0,0.6991525423728814,4,0.3,Allele Average,0.0,0.08246,,,,,,0.0
H04_RD14-0003-40_41_42_43-1;1;1;1-M2S10-0.252IP-Q1.3_004.5sec.fsa,D8S1179,13,13.0,142.05,165.0,12,137.81,117.0,0.7090909090909091,4,0.3,Allele Average,0.0,0.08246,,,,,,0.0
H04_RD14-0003-40_41_42_43-1;1;1;1-M2S10-0.252IP-Q1.3_004.5sec.fsa,D8S1179,12,12.0,137.81,117.0,11,133.72,81.0,0.6923076923076923,4,0.3,Allele Average,0.0,0.08246,,,,,,0.0
H05_RD14-0003-30_31_32_33_34-1;1;1;1;1-M1S30-0.625IP-Q2.4_004.5sec.fsa,D13S317,12,12.0,231.26,165.0,11,227.19,133.0,0.806060606060606,4,0.3,Allele Average,0.0,0.05638,,,,,,0.0
H05_RD14-0003-30_31_32_33_34-1;1;1;1;1-M1S30-0.625IP-Q2.4_004.5sec.fsa,D19S433,16,16.0,128.06,204.0,15,124.05,170.0,0.8333333333333334,4,0.3,Allele Average,0.0,0.08044,,,,,,0.0
H05_RD14-0003-30_31_32_33_34-1;1;1;1;1-M1S30-0.625IP-Q2.4_004.5sec.fsa,D19S433,13,13.0,116.22,462.0,12,112.18,142.0,0.30735930735930733,4,0.3,Allele Average,0.0,0.08044,0.08044,37.16328,0.25,9.29082,11.283903896534428,2.2459734398697996e-28
H05_RD14-0003-30_31_32_33_34-1;1;1;1;1-M1S30-0.625IP-Q2.4_004.5sec.fsa,D19S433,13.2,13.2,118.15,98.0,12.2,114.22,88.0,0.8979591836734694,4,0.3,Allele Average,0.0,0.08044,,,,,,0.0
H05_RD14-0003-30_31_32_33_34-1;1;1;1;1-M1S30-0.625IP-Q2.4_004.5sec.fsa,D3S1358,15,15.0,122.25,994.0,14,118.22,81.0,0.08148893360160966,4,0.3,Allele Average,0.0,0.0986,0.0986,98.0084,0.25,24.5021,-0.6941609086568088,0.7858968859217323
H05_RD14-0003-30_31_32_33_34-1;1;1;1;1-M1S30-0.625IP-Q2.4_004.5sec.fsa,D5S818,11,11.0,148.88,261.0,10,144.75,249.0,0.9540229885057471,4,0.3,Allele Average,0.0,0.07378,,,,,,0.0
H05_RD14-0003-30_31_32_33_34-1;1;1;1;1-M1S30-0.625IP-Q2.4_004.5sec.fsa,D5S818,13,13.0,157.11,232.0,12,153.02,180.0,0.7758620689655172,4,0.3,Allele Average,0.0,0.07378,,,,,,0.0
H05_RD14-0003-30_31_32_33_34-1;1;1;1;1-M1S30-0.625IP-Q2.4_004.5sec.fsa,D8S1179,12,12.0,137.82,537.0,11,133.72,311.0,0.5791433891992551,4,0.3,Allele Average,0.0,0.08246,0.08246,44.281020000000005,0.25,11.070255000000001,24.09330047049503,8.888364212179461e-127
H05_RD14-0003-30_31_32_33_34-1;1;1;1;1-M1S30-0.625IP-Q2.4_004.5sec.fsa,TH01,7,7.0,172.6,269.0,6,168.55,227.0,0.8438661710037175,4,0.3,LUS Regression,0.00185,0.00801,,,,,,0.0
H05_RD14-0003-30_31_32_33_34-1;1;1;1;1-M1S30-0.625IP-Q2.4_004.5sec.fsa,TH01,9,9.0,180.73,272.0,8,176.66,75.0,0.2757352941176471,4,0.3,LUS Regression,0.00185,0.00801,0.02466,6.707520000000001,0.25,1.6768800000000001,40.72591956490625,0.0
H06_RD14-0003-46_47_48-1;1;1-M4d-0.093IP-Q0.6_004.5sec.fsa,D13S317,12,12.0,231.28,413.0,11,227.25,67.0,0.162227602905569,4,0.3,Allele Average,0.0,0.05638,0.05638,23.28494,0.25,5.821235,7.509585165347216,5.678411517005071e-13
H06_RD14-0003-46_47_48-1;1;1-M4d-0.093IP-Q0.6_004.5sec.fsa,D16S539,12,12.0,279.3,179.0,11,275.28,139.0,0.776536312849162,4,0.3,Allele Regression,0.0118,-0.0595,,,,,,0.0
H06_RD14-0003-46_47_48-1;1;1-M4d-0.093IP-Q0.6_004.5sec.fsa,D5S818,12,12.0,152.95,98.0,11,148.86,71.0,0.7244897959183674,4,0.3,Allele Average,0.0,0.07378,,,,,,0.0
H06_RD14-0003-46_47_48-1;1;1-M4d-0.093IP-Q0.6_004.5sec.fsa,FGA,22,22.0,233.17,54.0,21,229.05,53.0,0.9814814814814815,4,0.3,Allele Average,0.0,0.08296,,,,,,0.0
