Marker,Parent_Allele,Parent_Size,Parent_Height_Corrected,Candidate_Stutter_Allele,Candidate_Stutter_Size,Candidate_Stutter_Height_Corrected,Is_N_Minus_1_Position_Match,Observed_SR,Marker_L_Repeat,Marker_SR_Max_N_Minus_1,Parent_Allele_Numeric,Expected_SR,Expected_Stutter_Height,Assumed_CV_Hs,Calculated_Sigma_Hs,Z_Score,Calculated_Stutter_Score_for_this_Pair
D13S317,12,231.18,82.0,11,227.17,78.0,True,0.9512195121951219,4,0.3,12.0,,,0.25,,,0.0
D19S433,16,128.1,108.0,15,124.15,103.0,True,0.9537037037037037,4,0.3,16.0,,,0.25,,,0.0
D19S433,13.2,118.26,125.0,12.2,114.3,89.0,True,0.712,4,0.3,13.2,,,0.25,,,0.0
D19S433,13,116.28,261.0,12,112.2,84.0,True,0.3218390804597701,4,0.3,13.0,,,0.25,,,0.0
D19S433,15,124.15,103.0,14,120.23,76.0,True,0.7378640776699029,4,0.3,15.0,,,0.25,,,0.0
D5S818,11,148.84,115.0,10,144.78,75.0,True,0.6521739130434783,4,0.3,11.0,,,0.25,,,0.0
D8S1179,13,142.02,205.0,12,137.85,175.0,True,0.8536585365853658,4,0.3,13.0,,,0.25,,,0.0
D8S1179,12,137.85,175.0,11,133.73,116.0,True,0.6628571428571428,4,0.3,12.0,,,0.25,,,0.0
D13S317,12,231.19,1120.0,11,227.17,353.0,True,0.3151785714285714,4,0.3,12.0,,,0.25,,,0.0
D16S539,10,271.09,612.0,9,267.17,476.0,True,0.7777777777777778,4,0.3,10.0,,,0.25,,,0.0
D16S539,12,279.16,339.0,11,275.15,222.0,True,0.6548672566371682,4,0.3,12.0,,,0.25,,,0.0
D18S51,18,304.76,424.0,17,300.88,193.0,True,0.455188679245283,4,0.3,18.0,,,0.25,,,0.0
D19S433,14,119.94,407.0,13,116.01,238.0,True,0.5847665847665847,4,0.3,14.0,,,0.25,,,0.0
D21S11,30,206.44,274.0,29,202.37,248.0,True,0.9051094890510949,4,0.3,30.0,,,0.25,,,0.0
D21S11,29,202.37,248.0,28,198.4,75.0,True,0.3024193548387097,4,0.3,29.0,,,0.25,,,0.0
D7S820,9,265.85,209.0,8,261.88,124.0,True,0.5933014354066986,4,0.3,9.0,,,0.25,,,0.0
D8S1179,14,145.93,501.0,13,141.72,237.0,True,0.47305389221556887,4,0.3,14.0,,,0.25,,,0.0
D8S1179,13,141.72,237.0,12,137.49,150.0,True,0.6329113924050633,4,0.3,13.0,,,0.25,,,0.0
FGA,21,228.97,335.0,20,224.96,231.0,True,0.6895522388059702,4,0.3,21.0,,,0.25,,,0.0
FGA,28,257.56,255.0,27,253.48,134.0,True,0.5254901960784314,4,0.3,28.0,,,0.25,,,0.0
FGA,27,253.48,134.0,26,249.51,76.0,True,0.5671641791044776,4,0.3,27.0,,,0.25,,,0.0
TH01,8,176.39,836.0,7,172.38,477.0,True,0.5705741626794258,4,0.3,8.0,,,0.25,,,0.0
D19S433,14,120.23,158.0,13,116.28,106.0,True,0.6708860759493671,4,0.3,14.0,,,0.25,,,0.0
D3S1358,17,130.25,132.0,16,126.52,119.0,True,0.9015151515151515,4,0.3,17.0,,,0.25,,,0.0
CSF1PO,12,326.87,374.0,11,322.92,246.0,True,0.6577540106951871,4,0.3,12.0,,,0.25,,,0.0
D19S433,14,120.16,239.0,13,116.23,222.0,True,0.9288702928870293,4,0.3,14.0,,,0.25,,,0.0
D7S820,10,270.14,323.0,9,266.04,133.0,True,0.4117647058823529,4,0.3,10.0,,,0.25,,,0.0
D19S433,14,120.07,204.0,13,116.15,174.0,True,0.8529411764705882,4,0.3,14.0,,,0.25,,,0.0
D8S1179,14,145.97,202.0,13,141.68,144.0,True,0.7128712871287128,4,0.3,14.0,,,0.25,,,0.0
D8S1179,13,141.68,144.0,12,137.51,100.0,True,0.6944444444444444,4,0.3,13.0,,,0.25,,,0.0
D8S1179,12,137.51,100.0,11,133.48,76.0,True,0.76,4,0.3,12.0,,,0.25,,,0.0
D13S317,13,235.43,136.0,12,231.28,94.0,True,0.6911764705882353,4,0.3,13.0,,,0.25,,,0.0
D21S11,32,214.74,90.0,31,210.63,75.0,True,0.8333333333333334,4,0.3,32.0,,,0.25,,,0.0
FGA,24,241.34,82.0,23,237.23,71.0,True,0.8658536585365854,4,0.3,24.0,,,0.25,,,0.0
CSF1PO,12,326.97,983.0,11,322.94,446.0,True,0.4537131230925738,4,0.3,12.0,,,0.25,,,0.0
CSF1PO,11,322.94,446.0,10,318.83,156.0,True,0.34977578475336324,4,0.3,11.0,,,0.25,,,0.0
D16S539,11,275.25,733.0,10,271.25,303.0,True,0.41336971350613916,4,0.3,11.0,,,0.25,,,0.0
D18S51,16,297.06,419.0,15,293.05,214.0,True,0.5107398568019093,4,0.3,16.0,,,0.25,,,0.0
D19S433,15,124.02,196.0,14,120.15,126.0,True,0.6428571428571429,4,0.3,15.0,,,0.25,,,0.0
D19S433,13,116.18,582.0,12,112.15,102.0,True,0.17525773195876287,4,0.3,13.0,0.08044,46.81608,0.25,11.70402,4.714954349018543,7.440708856664527e-06
D19S433,13.2,118.13,194.0,12.2,114.15,81.0,True,0.4175257731958763,4,0.3,13.2,,,0.25,,,0.0
D21S11,29,202.57,470.0,28,198.61,330.0,True,0.7021276595744681,4,0.3,29.0,,,0.25,,,0.0
D3S1358,18,134.43,241.0,17,130.24,220.0,True,0.9128630705394191,4,0.3,18.0,,,0.25,,,0.0
D3S1358,15,122.12,1242.0,14,118.13,89.0,True,0.071658615136876,4,0.3,15.0,0.0986,122.46119999999999,0.25,30.615299999999998,-1.0929567895790664,0.5503079370192432
D5S818,13,157.07,602.0,12,152.94,369.0,True,0.6129568106312292,4,0.3,13.0,,,0.25,,,0.0
D5S818,11,148.83,453.0,10,144.73,256.0,True,0.565121412803532,4,0.3,11.0,,,0.25,,,0.0
D8S1179,12,137.64,627.0,11,133.49,482.0,True,0.7687400318979266,4,0.3,12.0,,,0.25,,,0.0
FGA,24,241.18,431.0,23,237.11,292.0,True,0.6774941995359629,4,0.3,24.0,,,0.25,,,0.0
FGA,23,237.11,292.0,22,233.0,215.0,True,0.7363013698630136,4,0.3,23.0,,,0.25,,,0.0
FGA,21,228.98,495.0,20,224.89,172.0,True,0.3474747474747475,4,0.3,21.0,,,0.25,,,0.0
FGA,20,224.89,172.0,19,220.81,158.0,True,0.9186046511627907,4,0.3,20.0,,,0.25,,,0.0
TH01,9,180.65,489.0,8,176.55,401.0,True,0.820040899795501,4,0.3,9.0,,,0.25,,,0.0
TH01,7,172.55,449.0,6,168.47,390.0,True,0.8685968819599109,4,0.3,7.0,,,0.25,,,0.0
CSF1PO,12,326.87,549.0,11,322.81,280.0,True,0.5100182149362478,4,0.3,12.0,,,0.25,,,0.0
D13S317,12,231.29,1571.0,11,227.23,309.0,True,0.19669000636537237,4,0.3,12.0,0.05638,88.57298,0.25,22.143245,9.954594279203432,1.517025081022913e-23
D16S539,12,279.26,919.0,11,275.25,491.0,True,0.5342763873775843,4,0.3,12.0,,,0.25,,,0.0
D18S51,13,285.09,460.0,12,281.13,287.0,True,0.6239130434782608,4,0.3,13.0,,,0.25,,,0.0
D21S11,31,210.63,318.0,30,206.65,273.0,True,0.8584905660377359,4,0.3,31.0,,,0.25,,,0.0
D2S1338,25,345.2,862.0,24,341.11,413.0,True,0.4791183294663573,4,0.3,25.0,,,0.25,,,0.0
D5S818,12,152.95,584.0,11,148.83,386.0,True,0.660958904109589,4,0.3,12.0,,,0.25,,,0.0
D7S820,9,266.06,455.0,8,262.1,199.0,True,0.43736263736263736,4,0.3,9.0,,,0.25,,,0.0
D8S1179,14,146.11,671.0,13,142.01,581.0,True,0.8658718330849479,4,0.3,14.0,,,0.25,,,0.0
TH01,7,172.61,755.0,6,168.5,408.0,True,0.5403973509933775,4,0.3,7.0,,,0.25,,,0.0
TPOX,10,236.72,337.0,9,232.72,202.0,True,0.599406528189911,4,0.3,10.0,,,0.25,,,0.0
D13S317,12,231.27,431.0,11,227.26,269.0,True,0.6241299303944315,4,0.3,12.0,,,0.25,,,0.0
D19S433,15,123.91,162.0,14,119.93,123.0,True,0.7592592592592593,4,0.3,15.0,,,0.25,,,0.0
D19S433,13,116.07,441.0,12,112.01,93.0,True,0.2108843537414966,4,0.3,13.0,0.08044,35.47404,0.25,8.86851,6.4865417076825755,3.651332197528952e-11
D3S1358,18,134.35,157.0,17,130.27,101.0,True,0.643312101910828,4,0.3,18.0,,,0.25,,,0.0
D5S818,11,148.79,202.0,10,144.68,170.0,True,0.8415841584158416,4,0.3,11.0,,,0.25,,,0.0
D5S818,13,157.05,151.0,12,152.83,79.0,True,0.5231788079470199,4,0.3,13.0,,,0.25,,,0.0
D8S1179,13,141.71,250.0,12,137.53,199.0,True,0.796,4,0.3,13.0,,,0.25,,,0.0
D8S1179,12,137.53,199.0,11,133.41,145.0,True,0.7286432160804021,4,0.3,12.0,,,0.25,,,0.0
TH01,7,172.39,324.0,6,168.38,157.0,True,0.4845679012345679,4,0.3,7.0,,,0.25,,,0.0
TH01,9,180.53,215.0,8,176.42,80.0,True,0.37209302325581395,4,0.3,9.0,,,0.25,,,0.0
D13S317,12,231.28,473.0,11,227.22,142.0,True,0.30021141649048627,4,0.3,12.0,,,0.25,,,0.0
D5S818,12,153.02,253.0,11,148.91,164.0,True,0.6482213438735178,4,0.3,12.0,,,0.25,,,0.0
D7S820,9,266.04,140.0,8,262.04,65.0,True,0.4642857142857143,4,0.3,9.0,,,0.25,,,0.0
D8S1179,14,146.09,324.0,13,142.0,244.0,True,0.7530864197530864,4,0.3,14.0,,,0.25,,,0.0
FGA,27,253.53,123.0,26,249.59,61.0,True,0.4959349593495935,4,0.3,27.0,,,0.25,,,0.0
TPOX,10,236.82,76.0,9,232.83,68.0,True,0.8947368421052632,4,0.3,10.0,,,0.25,,,0.0
D13S317,12,231.26,766.0,11,227.17,185.0,True,0.24151436031331594,4,0.3,12.0,0.05638,43.18708,0.25,10.79677,13.1347541903736,1.7232336113875233e-39
D16S539,11,275.12,142.0,10,271.08,113.0,True,0.795774647887324,4,0.3,11.0,,,0.25,,,0.0
D16S539,13,282.98,127.0,12,279.09,111.0,True,0.8740157480314961,4,0.3,13.0,,,0.25,,,0.0
D18S51,19,308.79,143.0,18,304.85,118.0,True,0.8251748251748252,4,0.3,19.0,,,0.25,,,0.0
D19S433,14,119.94,192.0,13,116.03,185.0,True,0.9635416666666666,4,0.3,14.0,,,0.25,,,0.0
D19S433,14.2,121.96,117.0,13.2,117.98,69.0,True,0.5897435897435898,4,0.3,14.2,,,0.25,,,0.0
D21S11,31,210.38,138.0,30,206.37,82.0,True,0.5942028985507246,4,0.3,31.0,,,0.25,,,0.0
D21S11,28,198.34,141.0,27,194.33,75.0,True,0.5319148936170213,4,0.3,28.0,,,0.25,,,0.0
D21S11,30,206.37,82.0,29,202.37,68.0,True,0.8292682926829268,4,0.3,30.0,,,0.25,,,0.0
D8S1179,13,141.72,181.0,12,137.5,118.0,True,0.6519337016574586,4,0.3,13.0,,,0.25,,,0.0
FGA,21,229.04,145.0,20,224.89,122.0,True,0.8413793103448276,4,0.3,21.0,,,0.25,,,0.0
FGA,28,257.56,137.0,27,253.55,70.0,True,0.5109489051094891,4,0.3,28.0,,,0.25,,,0.0
TH01,9,180.49,217.0,8,176.38,168.0,True,0.7741935483870968,4,0.3,9.0,,,0.25,,,0.0
TH01,8,176.38,168.0,7,172.35,164.0,True,0.9761904761904762,4,0.3,8.0,,,0.25,,,0.0
D13S317,13,235.34,163.0,12,231.29,163.0,True,1.0,4,0.3,13.0,,,0.25,,,0.0
D16S539,11,275.3,320.0,10,271.29,165.0,True,0.515625,4,0.3,11.0,,,0.25,,,0.0
D3S1358,17,130.2,115.0,16,126.48,90.0,True,0.782608695652174,4,0.3,17.0,,,0.25,,,0.0
D7S820,10,270.1,152.0,9,266.19,99.0,True,0.6513157894736842,4,0.3,10.0,,,0.25,,,0.0
FGA,24,241.4,132.0,23,237.29,98.0,True,0.7424242424242424,4,0.3,24.0,,,0.25,,,0.0
CSF1PO,12,326.98,562.0,11,322.9,248.0,True,0.4412811387900356,4,0.3,12.0,,,0.25,,,0.0
D16S539,12,279.26,439.0,11,275.29,343.0,True,0.7813211845102506,4,0.3,12.0,,,0.25,,,0.0
D16S539,11,275.29,343.0,10,271.25,191.0,True,0.5568513119533528,4,0.3,11.0,,,0.25,,,0.0
D18S51,16,296.98,207.0,15,292.99,167.0,True,0.8067632850241546,4,0.3,16.0,,,0.25,,,0.0
D19S433,13.2,118.13,192.0,12.2,114.15,101.0,True,0.5260416666666666,4,0.3,13.2,,,0.25,,,0.0
D19S433,13,116.18,312.0,12,112.08,81.0,True,0.25961538461538464,4,0.3,13.0,0.08044,25.097279999999998,0.25,6.2743199999999995,8.909765520406994,2.8904831816048006e-19
D21S11,29,202.63,334.0,28,198.61,101.0,True,0.3023952095808383,4,0.3,29.0,,,0.25,,,0.0
D5S818,13,157.09,396.0,12,152.89,203.0,True,0.5126262626262627,4,0.3,13.0,,,0.25,,,0.0
D5S818,11,148.79,217.0,10,144.71,142.0,True,0.6543778801843319,4,0.3,11.0,,,0.25,,,0.0
D8S1179,12,137.57,398.0,11,133.53,280.0,True,0.7035175879396985,4,0.3,12.0,,,0.25,,,0.0
FGA,21,228.96,310.0,20,224.88,68.0,True,0.21935483870967742,4,0.3,21.0,0.08296,25.7176,0.25,6.4294,6.576414595452141,2.0301085890025773e-11
FGA,24,241.26,178.0,23,237.05,67.0,True,0.37640449438202245,4,0.3,24.0,,,0.25,,,0.0
TH01,7,172.49,372.0,6,168.43,60.0,True,0.16129032258064516,4,0.3,7.0,0.001,0.372,0.25,0.093,641.1612903225806,0.0
D13S317,12,231.22,872.0,11,227.24,113.0,True,0.12958715596330275,4,0.3,12.0,0.05638,49.16336,0.25,12.29084,5.193838663590121,6.937687034912781e-07
D16S539,12,279.26,435.0,11,275.26,323.0,True,0.7425287356321839,4,0.3,12.0,,,0.25,,,0.0
D18S51,13,285.18,291.0,12,281.13,124.0,True,0.4261168384879725,4,0.3,13.0,,,0.25,,,0.0
D21S11,30,206.65,216.0,29,202.7,102.0,True,0.4722222222222222,4,0.3,30.0,,,0.25,,,0.0
D21S11,32.2,216.67,118.0,31.2,212.59,95.0,True,0.8050847457627118,4,0.3,32.2,,,0.25,,,0.0
D2S1338,25,345.18,449.0,24,341.1,261.0,True,0.5812917594654788,4,0.3,25.0,,,0.25,,,0.0
D2S1338,24,341.1,261.0,23,337.15,204.0,True,0.7816091954022989,4,0.3,24.0,,,0.25,,,0.0
TH01,7,172.61,294.0,6,168.58,153.0,True,0.5204081632653061,4,0.3,7.0,,,0.25,,,0.0
D19S433,15,123.84,87.0,14,119.93,84.0,True,0.9655172413793104,4,0.3,15.0,,,0.25,,,0.0
D19S433,13,116.0,206.0,12,112.01,79.0,True,0.38349514563106796,4,0.3,13.0,,,0.25,,,0.0
D5S818,13,156.98,127.0,12,152.86,83.0,True,0.6535433070866141,4,0.3,13.0,,,0.25,,,0.0
D8S1179,12,137.53,200.0,11,133.49,74.0,True,0.37,4,0.3,12.0,,,0.25,,,0.0
D13S317,12,231.28,235.0,11,227.22,80.0,True,0.3404255319148936,4,0.3,12.0,,,0.25,,,0.0
D5S818,12,152.97,169.0,11,148.87,81.0,True,0.47928994082840237,4,0.3,12.0,,,0.25,,,0.0
D7S820,10,270.14,96.0,9,266.04,94.0,True,0.9791666666666666,4,0.3,10.0,,,0.25,,,0.0
D8S1179,14,146.15,168.0,13,142.07,115.0,True,0.6845238095238095,4,0.3,14.0,,,0.25,,,0.0
TH01,7,172.7,212.0,6,168.62,122.0,True,0.5754716981132075,4,0.3,7.0,,,0.25,,,0.0
D13S317,12,231.22,379.0,11,227.18,186.0,True,0.49076517150395776,4,0.3,12.0,,,0.25,,,0.0
D16S539,10,271.06,308.0,9,267.13,291.0,True,0.9448051948051948,4,0.3,10.0,,,0.25,,,0.0
D19S433,14,119.87,184.0,13,115.98,103.0,True,0.5597826086956522,4,0.3,14.0,,,0.25,,,0.0
D5S818,12,152.85,217.0,11,148.74,152.0,True,0.7004608294930875,4,0.3,12.0,,,0.25,,,0.0
FGA,21,229.03,173.0,20,224.99,80.0,True,0.4624277456647399,4,0.3,21.0,,,0.25,,,0.0
TH01,8,176.4,271.0,7,172.33,239.0,True,0.8819188191881919,4,0.3,8.0,,,0.25,,,0.0
TPOX,11,240.57,120.0,10,236.5,81.0,True,0.675,4,0.3,11.0,,,0.25,,,0.0
D13S317,13,235.36,86.0,12,231.23,78.0,True,0.9069767441860465,4,0.3,13.0,,,0.25,,,0.0
D16S539,11,275.23,238.0,10,271.24,227.0,True,0.9537815126050421,4,0.3,11.0,,,0.25,,,0.0
D21S11,32,214.76,71.0,31,210.69,64.0,True,0.9014084507042254,4,0.3,32.0,,,0.25,,,0.0
D19S433,14.2,122.15,87.0,13.2,118.15,73.0,True,0.8390804597701149,4,0.3,14.2,,,0.25,,,0.0
D3S1358,16,126.12,112.0,15,122.3,111.0,True,0.9910714285714286,4,0.3,16.0,,,0.25,,,0.0
D13S317,12,231.32,506.0,11,227.28,178.0,True,0.35177865612648224,4,0.3,12.0,,,0.25,,,0.0
D16S539,12,279.27,408.0,11,275.3,101.0,True,0.24754901960784315,4,0.3,12.0,0.0821,33.4968,0.25,8.3742,8.060853574072746,3.884324298800268e-16
D18S51,18,305.04,121.0,17,301.11,104.0,True,0.859504132231405,4,0.3,18.0,,,0.25,,,0.0
D21S11,30,206.74,78.0,29,202.63,78.0,True,1.0,4,0.3,30.0,,,0.25,,,0.0
D5S818,12,152.98,130.0,11,148.86,95.0,True,0.7307692307692307,4,0.3,12.0,,,0.25,,,0.0
D7S820,10,270.13,138.0,9,266.1,122.0,True,0.8840579710144928,4,0.3,10.0,,,0.25,,,0.0
FGA,22,233.23,81.0,21,229.1,64.0,True,0.7901234567901234,4,0.3,22.0,,,0.25,,,0.0
TH01,7,172.65,167.0,6,168.55,140.0,True,0.8383233532934131,4,0.3,7.0,,,0.25,,,0.0
TPOX,10,236.81,167.0,9,232.75,69.0,True,0.41317365269461076,4,0.3,10.0,,,0.25,,,0.0
D8S1179,14,145.92,167.0,13,141.7,120.0,True,0.718562874251497,4,0.3,14.0,,,0.25,,,0.0
TH01,8,176.47,82.0,7,172.49,65.0,True,0.7926829268292683,4,0.3,8.0,,,0.25,,,0.0
D13S317,12,231.21,281.0,11,227.23,84.0,True,0.298932384341637,4,0.3,12.0,0.05638,15.84278,0.25,3.960695,17.20839903097815,2.485279826305508e-66
D3S1358,15,122.26,118.0,14,118.39,95.0,True,0.8050847457627118,4,0.3,15.0,,,0.25,,,0.0
TH01,7,172.64,137.0,6,168.55,75.0,True,0.5474452554744526,4,0.3,7.0,,,0.25,,,0.0
D16S539,11,275.22,428.0,10,271.3,278.0,True,0.6495327102803738,4,0.3,11.0,,,0.25,,,0.0
D7S820,10,270.13,137.0,9,266.05,63.0,True,0.45985401459854014,4,0.3,10.0,,,0.25,,,0.0
FGA,25,245.52,155.0,24,241.36,156.0,True,1.0064516129032257,4,0.3,25.0,,,0.25,,,0.0
D13S317,12,231.28,355.0,11,227.23,91.0,True,0.2563380281690141,4,0.3,12.0,0.05638,20.0149,0.25,5.003725,14.186451093935018,9.929247392215285e-46
D19S433,15,124.12,104.0,14,120.16,102.0,True,0.9807692307692307,4,0.3,15.0,,,0.25,,,0.0
D21S11,30,206.76,68.0,29,202.75,68.0,True,1.0,4,0.3,30.0,,,0.25,,,0.0
D5S818,12,153.06,212.0,11,148.94,156.0,True,0.7358490566037735,4,0.3,12.0,,,0.25,,,0.0
TH01,7,172.75,266.0,6,168.63,158.0,True,0.5939849624060151,4,0.3,7.0,,,0.25,,,0.0
D16S539,12,279.3,331.0,11,275.33,325.0,True,0.9818731117824774,4,0.3,12.0,,,0.25,,,0.0
D18S51,13,285.15,213.0,12,281.05,145.0,True,0.6807511737089202,4,0.3,13.0,,,0.25,,,0.0
D21S11,30,206.72,129.0,29,202.68,68.0,True,0.5271317829457365,4,0.3,30.0,,,0.25,,,0.0
D2S1338,25,345.22,336.0,24,341.19,161.0,True,0.4791666666666667,4,0.3,25.0,,,0.25,,,0.0
D5S818,12,152.94,394.0,11,148.86,314.0,True,0.7969543147208121,4,0.3,12.0,,,0.25,,,0.0
D7S820,10,270.15,174.0,9,266.03,172.0,True,0.9885057471264368,4,0.3,10.0,,,0.25,,,0.0
D7S820,9,266.03,172.0,8,262.1,96.0,True,0.5581395348837209,4,0.3,9.0,,,0.25,,,0.0
FGA,27,253.54,79.0,26,249.47,75.0,True,0.9493670886075949,4,0.3,27.0,,,0.25,,,0.0
FGA,26,249.47,75.0,25,245.49,72.0,True,0.96,4,0.3,26.0,,,0.25,,,0.0
TH01,7,172.61,436.0,6,168.59,268.0,True,0.6146788990825688,4,0.3,7.0,,,0.25,,,0.0
TPOX,10,236.8,154.0,9,232.82,95.0,True,0.6168831168831169,4,0.3,10.0,,,0.25,,,0.0
D16S539,11,275.31,262.0,10,271.3,125.0,True,0.4770992366412214,4,0.3,11.0,,,0.25,,,0.0
D19S433,14,120.15,184.0,13,116.28,137.0,True,0.7445652173913043,4,0.3,14.0,,,0.25,,,0.0
D3S1358,17,130.16,309.0,16,126.41,158.0,True,0.511326860841424,4,0.3,17.0,,,0.25,,,0.0
TH01,7,172.75,150.0,6,168.69,65.0,True,0.43333333333333335,4,0.3,7.0,,,0.25,,,0.0
D13S317,12,231.27,405.0,11,227.22,98.0,True,0.2419753086419753,4,0.3,12.0,0.05638,22.8339,0.25,5.708475,13.16745715799754,1.1208892565820678e-39
D5S818,12,152.95,279.0,11,148.86,268.0,True,0.9605734767025089,4,0.3,12.0,,,0.25,,,0.0
D8S1179,14,146.2,354.0,13,141.98,233.0,True,0.6581920903954802,4,0.3,14.0,,,0.25,,,0.0
D8S1179,13,141.98,233.0,12,137.82,143.0,True,0.6137339055793991,4,0.3,13.0,,,0.25,,,0.0
D8S1179,12,137.82,143.0,11,133.73,122.0,True,0.8531468531468531,4,0.3,12.0,,,0.25,,,0.0
TH01,8,176.67,348.0,7,172.67,309.0,True,0.8879310344827587,4,0.3,8.0,,,0.25,,,0.0
D13S317,12,231.27,378.0,11,227.22,100.0,True,0.26455026455026454,4,0.3,12.0,0.05638,21.31164,0.25,5.32791,14.76908581413725,2.1554281697502166e-49
D16S539,12,279.29,151.0,11,275.33,109.0,True,0.7218543046357616,4,0.3,12.0,,,0.25,,,0.0
D5S818,13,157.13,102.0,12,153.0,65.0,True,0.6372549019607843,4,0.3,13.0,,,0.25,,,0.0
D7S820,10,270.14,84.0,9,266.11,82.0,True,0.9761904761904762,4,0.3,10.0,,,0.25,,,0.0
D8S1179,14,146.15,232.0,13,141.99,215.0,True,0.9267241379310345,4,0.3,14.0,,,0.25,,,0.0
FGA,22,233.17,118.0,21,229.11,113.0,True,0.9576271186440678,4,0.3,22.0,,,0.25,,,0.0
D19S433,14,120.23,101.0,13,116.31,84.0,True,0.8316831683168316,4,0.3,14.0,,,0.25,,,0.0
D19S433,14,120.08,157.0,13,116.2,158.0,True,1.0063694267515924,4,0.3,14.0,,,0.25,,,0.0
D5S818,13,157.08,135.0,12,153.01,112.0,True,0.8296296296296296,4,0.3,13.0,,,0.25,,,0.0
D8S1179,14,146.15,236.0,13,142.05,165.0,True,0.6991525423728814,4,0.3,14.0,,,0.25,,,0.0
D8S1179,13,142.05,165.0,12,137.81,117.0,True,0.7090909090909091,4,0.3,13.0,,,0.25,,,0.0
D8S1179,12,137.81,117.0,11,133.72,81.0,True,0.6923076923076923,4,0.3,12.0,,,0.25,,,0.0
D13S317,12,231.26,165.0,11,227.19,133.0,True,0.806060606060606,4,0.3,12.0,,,0.25,,,0.0
D19S433,16,128.06,204.0,15,124.05,170.0,True,0.8333333333333334,4,0.3,16.0,,,0.25,,,0.0
D19S433,13,116.22,462.0,12,112.18,142.0,True,0.30735930735930733,4,0.3,13.0,,,0.25,,,0.0
D19S433,13.2,118.15,98.0,12.2,114.22,88.0,True,0.8979591836734694,4,0.3,13.2,,,0.25,,,0.0
D3S1358,15,122.25,994.0,14,118.22,81.0,True,0.08148893360160966,4,0.3,15.0,0.0986,98.0084,0.25,24.5021,-0.6941609086568088,0.7858968859217323
D5S818,11,148.88,261.0,10,144.75,249.0,True,0.9540229885057471,4,0.3,11.0,,,0.25,,,0.0
D5S818,13,157.11,232.0,12,153.02,180.0,True,0.7758620689655172,4,0.3,13.0,,,0.25,,,0.0
D8S1179,12,137.82,537.0,11,133.72,311.0,True,0.5791433891992551,4,0.3,12.0,,,0.25,,,0.0
TH01,7,172.6,269.0,6,168.55,227.0,True,0.8438661710037175,4,0.3,7.0,,,0.25,,,0.0
TH01,9,180.73,272.0,8,176.66,75.0,True,0.2757352941176471,4,0.3,9.0,0.001,0.272,0.25,0.068,1098.941176470588,0.0
D16S539,12,279.3,179.0,11,275.28,139.0,True,0.776536312849162,4,0.3,12.0,,,0.25,,,0.0
D5S818,12,152.95,98.0,11,148.86,71.0,True,0.7244897959183674,4,0.3,12.0,,,0.25,,,0.0
