Year,NOC,Adjusted Degree Centrality,Adjusted Betweenness Centrality,Adjusted Closeness Centrality
1896,AUS,4.6133992396947985,0.17780809569657036,0.9731389021231217
1896,AUT,1.9889092002505087,0.07665587542632168,0.4195355344278417
1896,DEN,4.607327513260228,0.2159684771840732,0.6860175157611736
1896,FRA,8.487913455906021,1.0609891819882526,1.1936128297367843
1896,GBR,5.344261387772822,0.2059767409870775,1.1273051364833298
1896,GER,9.333277242099506,0.9074019540930074,1.1666596552624382
1896,GRE,5.584219230276428,0.31023440168202376,0.4188164422707321
1896,HUN,4.915117740939028,0.18943682959869165,1.036782648479326
1896,SUI,3.2364818080212046,0.15171008475099396,0.4819026221502162
1896,USA,11.488884825194347,0.0,0.7602938487260965
1900,AUS,7.050959181671289,0.9100862101655924,0.7974299074509197
1900,AUT,0.8897987396468966,0.007566315813323951,0.11706171465471199
1900,BEL,3.354544846851476,0.15530300216904983,0.2757264776214442
1900,BOH,-0.22398806500405197,-0.0019046604167011223,-0.02946781758981879
1900,CAN,2.0679712454197485,0.0767869141581596,0.29624508714147985
1900,CUB,3.928700574744473,0.1458786211143781,0.5628019474137916
1900,DEN,2.1726229587992494,0.08067279127060706,0.3112368603676703
1900,ESP,0.0032937553775712596,0.0001223021412873682,0.00047184352829493043
1900,FRA,8.882378280787423,0.0,0.18668715413159406
1900,GBR,8.009906268338707,0.39815323556069593,0.3118611047099087
1900,GER,8.05393472960473,0.8477826031162874,0.7807385707269892
1900,HUN,3.3907186072505366,0.12590253331911005,0.48573389572120784
1900,IND,0.9259066210254333,0.007873355620964568,0.12181205910720898
1900,ITA,5.767209326301879,0.6576642214203897,0.6087609844429761
1900,LUX,-0.16341461500980664,-0.006067832926951437,-0.023409792070849287
1900,NED,3.0099881984193244,0.02559513774166092,0.3959933453459826
1900,NOR,1.9690973753575718,0.016744025300659625,0.2590539914373482
1900,SUI,3.075522609988669,0.14238530601799393,0.2527922728155532
1900,SWE,-0.04412581335050541,-0.0003752195012798079,-0.0058051817126576
1900,USA,11.084213373108247,0.29168982560811174,0.3418832046900271
1904,AUS,5.715364583030194,0.0857304687454529,0.3564737703848729
1904,AUT,0.3895198481703529,0.01387664459106882,0.03167466507299241
1904,CAN,2.8926108762495617,0.08677832628748684,0.1767706646596954
1904,CUB,3.866435570865013,0.4639722685038015,0.23368566637096233
1904,FRA,,,
1904,GBR,-0.05386883628844757,-0.0019190772927759445,-0.004380463165928868
1904,GER,7.891785471061961,0.2367535641318588,0.48227577878711975
1904,GRE,0.2027499753219418,0.007222967870844176,0.016487061165292312
1904,HUN,4.590506787470312,0.43609814480967957,0.3120513040920829
1904,NOR,0.21165320742626587,0.020107054705495255,0.014387661853133801
1904,SUI,1.3047303520059683,0.046481018790212617,0.1060970245918832
1904,USA,12.13702626462013,0.0,0.08170580716696539
1908,ANZ,1.1579933135465479,0.060189065723242126,0.11170229226133255
1908,AUT,0.14860337379755134,0.0006123765403745247,0.014117809016269673
1908,BEL,1.4986671121701702,0.07789628165935515,0.14456435094031347
1908,BOH,-0.2801898412476561,-0.0011546284666799015,-0.026618955989668847
1908,CAN,4.3109973060374775,0.20015344635174004,0.38100251420331227
1908,DEN,1.2323046967506532,0.005078178695401043,0.11707299716007194
1908,FIN,2.5990205939208595,0.13508939949269774,0.25070659267127116
1908,FRA,7.466476362625042,0.5764558956438451,0.5077203926585029
1908,GBR,8.550469798800469,0.0,0.080844263948614
1908,GER,7.141988155231191,0.33159230720716243,0.6312032345143164
1908,GRE,0.9070293249513235,0.003737758207216992,0.0861707675578345
1908,HUN,4.723284589063168,0.21929535592078994,0.41744013646460415
1908,ITA,4.870909106970407,0.44441609318619496,0.42709124147889793
1908,NED,-0.14873699003392069,-0.0006129271567331897,-0.014130502997962882
1908,NOR,2.049218125949807,0.186968283254907,0.1796796233008174
1908,RSA,-0.03055553005169765,-0.0015881860326615808,-0.002947445989633051
1908,SWE,6.78979617927113,0.37443728929804027,0.3584675001478547
1908,USA,10.47798389504449,0.30817599691307324,0.24006162562770395
1912,ANZ,2.415818979703643,0.18163379736290347,0.25140230032688315
1912,AUT,-0.3726504174463608,-0.00041405601938484534,-0.03057644450841935
1912,BEL,2.7423335061011547,0.20618285249575344,0.28538104778938844
1912,CAN,3.991810716745945,0.17536672721430904,0.4852343511334102
1912,DEN,4.3408567365006565,0.18006516832891611,0.4070546976352264
1912,FIN,5.850997996614549,0.4753935872249321,0.4070259475905773
1912,FRA,8.224709533051955,0.8224709533051956,0.6783265594269654
1912,GBR,8.248595588384584,0.4811680759891007,0.5237203548180688
1912,GER,9.389388503455189,1.0758674326875737,0.9050013015378496
1912,GRE,1.025979347808913,0.042559143316517875,0.09620905239526804
1912,HUN,5.485767968841422,0.24099869538328986,0.6668359924137721
1912,ITA,5.370012829969456,0.2359133841542137,0.6527650923419661
1912,NED,3.8777066124659045,0.004308562902739894,0.3181707989715614
1912,NOR,3.3888549453410186,0.1488779010175456,0.41194058214971546
1912,RSA,2.329422558131838,0.3105896744175784,0.238915134167368
1912,SWE,7.965022104074827,0.24890694075233835,0.2160005994325377
1912,USA,11.272049612990903,0.0,0.26522469677625654
1920,AUS,3.2226682300241696,0.0013427784291767378,0.28367199390033115
1920,BEL,4.633839655447773,0.20273048492584012,0.23116779276611632
1920,BRA,1.7177226171486961,0.175350850500596,0.1270999453292911
1920,CAN,4.102814891665468,0.24292982911177122,0.32837411383384246
1920,DEN,3.591181879795863,0.2126357691984393,0.2874249018130628
1920,ESP,0.72217045895732,0.00030090435789888344,0.0635682978842671
1920,EST,0.6579032013516435,0.06716095180464693,0.048680421442294425
1920,FIN,5.305557104825359,0.2442240572062467,0.23705680681134586
1920,FRA,8.703494720542363,1.0154077173966092,0.5222096832325418
1920,GBR,7.671737169635985,0.33563850117157434,0.3827190149105734
1920,GRE,2.3125941211234164,0.0009635808838014237,0.2035636741348157
1920,ITA,7.387152797514909,0.46785301050927747,0.38968114637608553
1920,JPN,2.314020194023206,0.0009641750808430028,0.20368920270743193
1920,LUX,-0.8405938323709282,-0.0003502474301545535,-0.07399239123265057
1920,NED,5.483682960877769,0.6985167581118112,0.39709428337390745
1920,NOR,4.165663068868807,0.2638253276950244,0.21974370973339044
1920,NZL,0.02642090530316178,1.1008710542984077e-05,0.002325672502733402
1920,RSA,1.928944853951261,0.11421384003658784,0.15438560446324978
1920,SUI,3.831133644491473,0.5073971642258052,0.281307015854269
1920,SWE,7.406008398502683,0.17633353329768295,0.25329996151230677
1920,TCH,-0.23447150876171652,-9.769646198404857e-05,-0.02063910885507325
1920,USA,11.409815599598042,0.0,0.16037893413089618
1924,ARG,0.11574339641099185,0.005196928604219947,0.014457231332932462
1924,AUS,5.928027583784888,0.46249906634634097,0.662371346551832
1924,AUT,-0.05521446689801148,-0.00010567362085743826,-0.007015973613356346
1924,BEL,3.4855391474725934,0.2719384447247189,0.38945858903991293
1924,CAN,2.7470927022702685,0.005257593688555538,0.34906666667945513
1924,DEN,3.3753357791144563,0.20735301388514485,0.4028472787219937
1924,EST,0.7803065337419947,0.03503610116005181,0.09746622631367116
1924,FIN,5.964513812021576,0.11470218869272263,0.24693846992446017
1924,FRA,8.900368522542239,0.32862899160155956,0.3976109649245674
1924,GBR,8.160342502419173,0.4331258712822484,0.5124852779297066
1924,HAI,-0.2236408266982906,-0.00042802072095366627,-0.028417518580459482
1924,HUN,6.012007986701126,0.3693285815466622,0.7175348515201202
1924,ITA,8.092056017523655,0.5477699458016012,0.5595570650415294
1924,JPN,-0.3237384462963442,-0.0006195951125288885,-0.04113668979254298
1924,NED,5.649669277443965,0.3814656696130165,0.5875656048541724
1924,NOR,3.260412055018219,0.3026331189529731,0.3006053667747294
1924,NZL,0.0010809924785968909,2.068885126501227e-06,0.00013735919464877787
1924,POL,1.5176867157495966,0.0029046635708126255,0.19284891350502392
1924,POR,0.45152794319089634,0.0008641683123270744,0.0573746033077154
1924,ROU,-0.17628985836819236,-0.0003373968581209423,-0.02240074140167256
1924,RSA,0.024396087053377837,0.0010953948697733115,0.0030472569933635285
1924,SUI,5.182505722306802,0.4185870006478571,0.39399166309934747
1924,SWE,6.909493410578777,0.46652899508227896,0.7185873147001929
1924,TCH,4.05587856974124,0.18211070357297032,0.5066101095981297
1924,URU,-1.3839734022772234,-0.062141004884932315,-0.1728688137360316
1924,USA,11.837823907482694,0.0,0.14131470229318183
1924,YUG,-0.983774883914956,-0.060435079800502854,-0.11741381029775957
1928,ARG,1.8564794566942195,0.13767935777052703,0.3227563605526113
1928,AUS,4.160437174341035,0.051125266787154185,0.8820471359265465
1928,AUT,-0.9560614442334269,-0.041361716230788104,-0.19002463487869353
1928,BEL,-0.18533761023156384,-0.001154963113613118,-0.02921578092320218
1928,CAN,5.25179942411392,0.3359631859933142,0.803142564261149
1928,CHI,-1.775525498319238,-0.011064491741725456,-0.27988579283850057
1928,DEN,3.9327095925473285,0.2916557622264548,0.6837172534411654
1928,EGY,0.8495297289594029,0.03675287586459563,0.16885062935839062
1928,ESP,-0.8891908523015316,-0.01092676505944671,-0.18851582458732266
1928,EST,1.2119565458816854,0.05243240697254314,0.24088577309449646
1928,FIN,6.120102244367542,0.19125319513648567,0.5208597654780887
1928,FRA,8.542727991055418,0.4533601743432115,0.9936112520264366
1928,GBR,7.861234409715668,0.06943288695935494,1.1979023862423877
1928,GER,9.714921871337214,0.15179565423964397,0.6318648371601441
1928,HAI,-0.05529894891072542,-0.00034460488690701325,-0.008717075690360657
1928,HUN,6.855715134775966,0.4385673771862532,1.0484247756885587
1928,IND,-0.16453801196433668,-0.002021914862742051,-0.03488342117007884
1928,IRL,-1.1668407402699195,-0.014338647994094223,-0.24737990021457507
1928,ITA,7.68934140428669,0.1701852443421875,0.7953419795949062
1928,JPN,5.541004606795918,0.2397183377304207,1.1013176858227913
1928,NED,6.642527506515247,0.35251706850393083,0.7725974746333045
1928,NOR,1.823892615061155,0.022412788038528933,0.38668033909371075
1928,NZL,0.32841358071583654,0.004035689334326054,0.06962639889296411
1928,PHI,-0.3026403330220556,-0.0018859551544629565,-0.04770685052564423
1928,POL,4.068800050683888,0.049999189839406225,0.8626193068116565
1928,POR,-2.9451768270088903,-0.018353374655114052,-0.4642643274102684
1928,RSA,0.859903998649862,0.010566875426806096,0.18230676907193763
1928,SUI,4.885302357680795,0.1081245235078097,0.5053080418449629
1928,SWE,6.735230255455018,0.14906826819869082,0.696654119352115
1928,TCH,4.662890013892746,0.2017288059604236,0.9267855928234028
1928,URU,-0.016317143028576477,-0.00020051217109708094,-0.003459369453677498
1928,USA,11.689864046551058,0.0,0.3026502018524546
1928,YUG,1.8097839574360648,0.022239414699414494,0.38368918683530656
1932,ARG,-0.07978746764729282,-0.004378081558082221,-0.009858485409301097
1932,AUS,5.406600745136727,0.29666988704083574,0.6680359225770635
1932,AUT,0.20988418075243415,0.0160373040677501,0.02638027030491802
1932,BEL,-0.09313938719728436,-4.0401700635027915e-05,-0.012947866755686556
1932,CAN,4.823459945860361,0.17635223291069133,0.6315198097220193
1932,DEN,2.2572835889922747,0.0009791571380822475,0.31379857673061945
1932,ESP,-0.05430407587741917,-2.355584552230444e-05,-0.007549136406300262
1932,FIN,4.623633902685493,0.2735878048926328,0.46299850481562155
1932,FRA,8.171772314231031,0.29101753255808516,0.43432648126818474
1932,GBR,7.098983104882949,0.23070972768616338,0.8261747578958605
1932,GER,8.94000178430554,0.5289941884204462,0.895228200653673
1932,HUN,6.915116278534152,0.5516332074044338,0.6061952581831886
1932,IND,-0.8325427945915336,-0.06361480840725052,-0.10464201676848758
1932,IRL,-0.2617367582674084,-0.009569450617057032,-0.034268336346433316
1932,ITA,7.937245134146432,0.14698602100271171,0.38544176011142744
1932,JPN,7.24761147885493,0.4749147122896393,0.5688532265380323
1932,LAT,-0.08747613141910439,-3.7945111951606876e-05,-0.012160583486751926
1932,MEX,,,
1932,NED,4.312439848809751,0.15766864557118068,0.5646136224465352
1932,NZL,-0.08470979886524113,-3.674514120817284e-05,-0.011776018949801828
1932,PHI,-0.2458826818831915,-0.0001066581905219165,-0.03418163140595854
1932,POL,3.9040288099034233,0.21422106803059807,0.4823791529524739
1932,RSA,1.5062278164466036,0.05506973037695114,0.1972054738127827
1932,SUI,0.03517938074064688,1.52599974294304e-05,0.0048904974370578905
1932,SWE,7.147479330670611,0.36653740157285186,0.41590935760367775
1932,TCH,2.7903444464644767,0.2132109346272857,0.35071743128837995
1932,URU,-0.19964071927340177,-8.659950228747908e-05,-0.027753257885261232
1932,USA,11.85874078564591,0.0,0.1442279284740719
1936,ARG,1.1262369511536747,0.06823997290241479,0.13822652746598743
1936,AUS,,,
1936,AUT,2.4511220727256244,0.26619712832826675,0.24198975877227505
1936,BEL,-0.7795048897532989,-0.0008837923920105428,-0.11078145505071285
1936,CAN,4.296044719135136,0.21657015559426093,0.5500265088048049
1936,DEN,1.445754898396399,0.0016391778893383208,0.2054673849983643
1936,EGY,-0.0325089211402215,-0.001969752364653815,-0.0039899199509262915
1936,EST,0.9589835041013629,0.058105897046535786,0.117698997118954
1936,FIN,5.685882683847321,0.33014802680403804,0.4137614159607205
1936,FRA,8.10433001816555,0.5795031679656011,0.6576812318406599
1936,GBR,7.211685341477142,0.5341989141834917,0.7857629946892896
1936,GER,9.75923475638056,0.0,0.1407145476501383
1936,HUN,7.502517406141932,0.23394946750335055,0.4421635733657792
1936,IND,-0.8186300969222874,-0.04126838965966263,-0.10480995512154519
1936,ITA,7.642998557640383,0.34516767679666244,0.49985855545749347
1936,JPN,6.623089244912383,0.2626397459189393,0.6270727846660886
1936,LAT,0.05173370591529546,5.8654995368815716e-05,0.007352276158621554
1936,MEX,0.011349558740671555,1.28679804316004e-05,0.001612973373230607
1936,NED,5.361999746466341,0.21263102442883766,0.507673079443759
1936,NOR,2.066130559863266,0.10415678748281898,0.26452857287884346
1936,NZL,-0.03668150373872887,-0.0018491704559647267,-0.004696366252720283
1936,PHI,-0.4051091163728177,-0.00045930738817779785,-0.057573182613764845
1936,POL,3.7302979811476056,0.004229362790416786,0.5301414315118085
1936,POR,-0.8262647421986106,-0.000936808097730851,-0.11742685851121928
1936,ROU,0.0331625262908827,3.759923615746337e-05,0.004712982514868127
1936,RSA,-0.29473941857951647,-0.0003341716763940096,-0.04188769317582303
1936,SUI,4.773748770642382,0.3536110200475837,0.5201329442842777
1936,SWE,6.635935220216767,0.26314915528445804,0.6282890390766811
1936,TCH,4.478925498241296,0.5538456261266118,0.5067397461513875
1936,TUR,-0.09457481749737569,-0.004767660552851243,-0.012108499815478022
1936,USA,11.595379061664694,0.18702224293007572,0.274394466344737
1936,YUG,0.643573016900357,0.0007296746223360056,0.09146312766063931
1948,ARG,0.05595031574088139,0.00415086993941866,0.007199489157834003
1948,AUS,6.094417712507594,0.2298737779396181,0.8853963114115041
1948,AUT,-1.5515014155354254,-0.08247477028639118,-0.2254019490074592
1948,BEL,2.1518232438872715,0.08116406880274782,0.31261663588257915
1948,BRA,0.25483402110693676,0.00018104150405437395,0.04189099246591486
1948,CAN,2.325212822590292,0.001651898850945078,0.3822310396770139
1948,CUB,0.95340562322613,0.0006773270980577793,0.15672596463392502
1948,DEN,4.742045587065406,0.2127299119568854,0.5177367062526848
1948,EGY,0.7680479990434771,0.028969805403516354,0.11158192585724139
1948,ESP,-0.2669149255424231,-0.00018962413010970664,-0.04387691677260712
1948,FIN,6.104600471148535,0.2138722483404115,0.4620696723403952
1948,FRA,8.628442389868212,0.16109909017992122,0.5287035778105522
1948,GBR,8.077346715597477,0.5992462281591306,1.0393644670805577
1948,HUN,7.1828518393313585,0.13410889751923458,0.44012572544922535
1948,IND,-0.48679129133050164,-0.02587686967468458,-0.07072098338233687
1948,IRI,0.026393883862497178,1.8750983136187252e-05,0.004338769153456662
1948,ITA,7.753716244836506,0.27164836324902986,0.5868946119577805
1948,JAM,1.2279657961019854,0.06527625172556234,0.17839873105134393
1948,KOR,2.719169599832357,0.0019317772093154003,0.44699178204436896
1948,MEX,-0.5847670799572947,-0.022056679444309515,-0.08495489479929863
1948,NED,6.0680753905519955,0.2722160974371216,0.6625126874711403
1948,NOR,2.6974749239465052,0.1433924729156709,0.39188884983805367
1948,PAN,0.7395651518644454,0.0005254086046209473,0.1215737132359025
1948,PER,-0.4362513369917772,-0.02319026489132219,-0.06337854457008148
1948,POL,-0.06558408084764658,-4.659283947687311e-05,-0.010781065356732027
1948,POR,-1.8688699696520272,-0.0013276996090167857,-0.3072149373086062
1948,PUR,-0.5294778540865688,-0.0003761564749123109,-0.08703842877832083
1948,RSA,0.37607194690627166,0.014184961269561883,0.0546356896300027
1948,SUI,4.9765739304629575,0.22325093983954442,0.5433425191459111
1948,SWE,7.882460546492609,0.11260657923560871,0.2861889202564744
1948,TCH,4.453394377604684,0.22247709801615095,0.4267371802695352
1948,TTO,-0.3909101164807817,-0.0002777139219101888,-0.06425991581977424
1948,TUR,2.7555980296106197,0.13766071471454436,0.26404940443312025
1948,URU,,,
1948,USA,11.925382253430694,0.0,0.1696700727114123
1948,YUG,0.18743703097297187,0.0001331607210663341,0.0308119112911823
1952,ARG,-0.3338485647474387,-0.009129635547417024,-0.05683351362811058
1952,AUS,6.74807654154175,0.20984872171867638,0.5904566973849031
1952,AUT,,,
1952,BEL,0.7114545057054438,0.019007114604781515,0.10599710710003403
1952,BRA,0.0062881289509213656,0.00017195918047604623,0.0010704747606085012
1952,BUL,0.0009255828777800801,1.635883488476635e-06,0.00016891456614980977
1952,CAN,3.0730977579638528,0.08403888916826502,0.5231561904119124
1952,CHI,-2.362234974749148,-0.004175035303550987,-0.43109688552219094
1952,DEN,2.9228534978488465,0.07808652691223579,0.435465673159237
1952,EGY,0.08042145664485065,0.00014213760453314007,0.014676541436117995
1952,ESP,-0.18213397531795372,-0.00032190522325548554,-0.03323860257199156
1952,FIN,6.326907987797046,0.19675140693759108,0.5536044489322416
1952,FRA,8.216671974968726,0.2555184577581738,0.7189587978097635
1952,GBR,8.00288855763742,0.0597921395176805,1.0247601201852794
1952,GER,,,
1952,HUN,7.5996859353358985,0.17653161289978858,0.2659890077367565
1952,IND,,,
1952,IRI,1.3267637518006483,0.0023449341671980353,0.24212820796361925
1952,IRL,-0.130989868817923,-0.0002315126702331619,-0.02390504123679042
1952,ITA,8.431096126976216,0.37210412639383994,0.5674776239310915
1952,JAM,2.080487784417385,0.05558200761278366,0.30996456517840093
1952,JPN,5.719897623288102,0.15641996456885424,0.9737405334375807
1952,KOR,2.7397606207518055,0.0048422775198865425,0.49999355834949155
1952,LIB,-0.23536879474586675,-0.000415992921077884,-0.042953709283230807
1952,LUX,-0.8157703573374461,-0.022308575921275324,-0.13887462944829712
1952,MEX,-0.2936258562927745,-0.0005189569747132812,-0.05358535180017115
1952,NED,3.241996957083772,0.005729934530017272,0.5916493515720851
1952,NOR,2.214543441376241,0.19272911324615843,0.26881741195896564
1952,NZL,1.3748605885769525,0.03759781358266612,0.23405270008200582
1952,POL,3.917003085188356,0.10711686190093807,0.6668204441490312
1952,POR,-0.6108465514054581,-0.0010796156794016581,-0.11147665183935736
1952,ROU,4.54058676720029,0.12416977855610552,0.7729777125401768
1952,RSA,2.5617862481557343,0.06844030703462692,0.38167153224212125
1952,SUI,4.361200024394496,0.11651318252015092,0.6497598684993151
1952,SWE,7.742858969115946,0.26304137612850337,0.3597345981226435
1952,TCH,4.7998954296806335,0.26619629125116173,0.3612824516963918
1952,TTO,0.5540523647932561,0.0009792371240601911,0.1011119771875961
1952,TUR,0.8194769625417907,0.021893026775571214,0.12209099340571951
1952,URS,12.3694284464069,0.14725510055246308,0.31146042850664857
1952,URU,-2.7259452178144756,-0.0048178600526943725,-0.4974723116309472
1952,USA,11.892217055502885,0.0,0.1588654950162599
1952,VEN,-0.8822203574860906,-0.001559244180781355,-0.1610011080700873
1952,YUG,-0.021904619064503843,-0.00059901766843063,-0.003728985526904534
1956,ARG,-1.3224930030136317,-0.004427989965447427,-0.21510428362269915
1956,AUS,8.21459969005275,0.2216638011601536,0.34791245746105764
1956,AUT,,,
1956,BAH,-0.20634962929748682,-0.0006909027766656924,-0.03356289151224184
1956,BEL,-1.7302581627549594,-0.005793275098509909,-0.2814275324962886
1956,BRA,0.542315015659472,0.013610698282622463,0.0842330129787483
1956,BUL,3.445276430420259,0.08646748963359936,0.5351244311870395
1956,CAN,4.796441430439194,0.26707915990292197,0.6348231304993052
1956,CHI,-0.8697181119082039,-0.002912002606835504,-0.1414601748284428
1956,DEN,1.0209984987669918,0.025624410374898852,0.15858270067138322
1956,FIN,5.91123799488314,0.379203906746585,0.6970850265121519
1956,FRA,8.081001210498993,0.4323060783630207,0.8500793481174266
1956,GBR,8.24101606581906,0.1608662984565185,0.9955589878170678
1956,GRE,0.038214157050455305,0.00012794918655286374,0.006215555664833092
1956,HUN,7.192032034016906,0.2882520775538522,0.4300882943930376
1956,IND,0.40722819942287963,0.010220370069931362,0.063251168079105
1956,IRI,1.585163776500956,0.08826631490789462,0.20980108806630302
1956,IRL,0.3330488055649877,0.008358659957848557,0.05172953643483032
1956,ISL,-0.09773208489920149,-0.0003272279628321478,-0.01589618248360506
1956,ITA,7.610299636218567,0.2567828992900959,0.5142308826141431
1956,JPN,7.46519060158565,0.3993623053800648,0.7852992710758931
1956,KOR,2.6222701366572374,0.008779922332557715,0.4265138174081049
1956,MEX,-5.536308211740149,-0.13894695609334853,-0.85990597344382
1956,NOR,0.7889295404469214,0.019800082297580204,0.12253747416337611
1956,NZL,-1.1590319120568515,-0.06453811098543456,-0.15340128247811272
1956,PAK,0.40188031893907233,0.0013455814250192153,0.0653660759720178
1956,POL,4.09298438508142,0.1027232769372707,0.6357272007509014
1956,ROU,6.287778703655338,0.45079048378058106,0.5745178510954115
1956,RSA,0.006108863054438596,2.0453782548343514e-05,0.0009936102558424224
1956,SUI,-0.46784794497211024,-0.0015664551728976905,-0.07609575008582516
1956,SWE,7.156196953637187,0.24146079517034322,0.4835469891508757
1956,TCH,2.7042423434225347,0.06786945881381881,0.4200261357952547
1956,TUR,2.0250020087150173,0.12990319008287488,0.23879914497676635
1956,URS,12.4747579976399,0.0,0.1830037848064533
1956,URU,0.835936088597452,0.0027988931537861117,0.1359655083863326
1956,USA,11.951820702121843,0.16599750975169225,0.20449883330626728
1956,YUG,0.07099864483606505,0.00023771867690646783,0.011547972352853956
1960,ARG,,,
1960,AUS,7.8219292901288755,0.1952843345038923,0.5188014325085479
1960,AUT,,,
1960,BEL,-0.9024482398256931,-0.0017664276116640364,-0.21969010447741347
1960,BRA,-1.7640928920348715,-0.0034529873919777825,-0.42944706926777204
1960,BUL,4.229752761645682,0.1510672617757079,0.8647115524815971
1960,CAN,0.9702289052004422,0.0018990996404532362,0.2361904873255238
1960,DEN,2.035578422170367,0.09386877865588425,0.3374144267786757
1960,ESP,0.8849949859875343,0.001732265087839889,0.21544132101265043
1960,ETH,0.0021239683387726323,7.585835369532141e-05,0.0004342144950635986
1960,FIN,3.5396392191095143,0.12641958871769443,0.723627856487308
1960,FRA,4.4546490213368,0.008719408697701436,1.0844304035616634
1960,GBR,7.622272245383449,0.3514938940519511,1.2634564173090919
1960,GHA,-0.16537973258671884,-0.000323709785402451,-0.040259694824647786
1960,GRE,0.38964575026673587,0.013916349222368072,0.07965741749404641
1960,HUN,7.711092006745254,0.36422161975180006,0.659501290050581
1960,IND,0.4764744563723731,0.000932638126870674,0.1159919411239404
1960,IRI,0.5111697833814444,0.0010005498152311876,0.12443809867528441
1960,IRQ,0.4869480221381532,0.0009531387993134795,0.11854160398081483
1960,ITA,8.502027193946848,0.1090003486403442,0.3497669415231298
1960,JPN,7.795238768552144,0.2979897368587801,0.9176902606012237
1960,MAR,0.6381389596081394,0.0012490758235044052,0.15534720831689822
1960,MEX,1.1309448774738842,0.002213680708409082,0.275314846132807
1960,NED,1.3357065872385268,0.0026144757035986826,0.325161606784539
1960,NOR,0.8043089329740282,0.02872620575554719,0.16442928589428724
1960,NZL,0.010057765628748846,0.0004638043738797153,0.0016671601483573449
1960,PAK,-2.9884388478079895,-0.10673325349325039,-0.6109429418704238
1960,POL,6.5845787215481915,0.25170965749962626,0.7751659624980495
1960,POR,0.619144176845089,0.001211895952937321,0.15072315828767294
1960,ROU,6.092198066256375,0.30843254920766194,0.8466952904583285
1960,RSA,-1.3597849877791255,-0.0026616061091805413,-0.33102320205058416
1960,SGP,-0.42348096538223495,-0.0008289101105785373,-0.1030913169568469
1960,SUI,1.1833949425129022,0.0023163450375415662,0.2880831798274847
1960,SWE,5.1604840194439126,0.184308689936614,1.0549860475234127
1960,TCH,4.167536226541484,0.21099179775311283,0.5792052814847951
1960,TUR,2.399879402855212,0.08744499848460287,0.1799909552141409
1960,URS,12.36604962939797,0.0,0.1494039453365926
1960,USA,11.749481380503385,0.012973295598641943,1.613485119153634
1960,VEN,0.6105001647711431,0.001194976399073573,0.14861887813971011
1960,YUG,,,
1964,ARG,0.41697456187035004,0.0002862525596363959,0.07086238084969859
1964,AUS,7.7904848087045115,0.520417001391192,0.6409892564123965
1964,BAH,-0.19062578155058468,-0.009365478652769032,-0.02823741855652895
1964,BEL,-0.8414952085631857,-0.021024459398470727,-0.12351999731949484
1964,BRA,0.20226133487167205,0.00013885217496911127,0.03437312741226963
1964,BUL,4.857331165917111,0.2084345521647694,0.5978314212137826
1964,CAN,3.4825332429890388,0.17109747946721174,0.5158680427139003
1964,CUB,0.09799603280527747,6.727416439721566e-05,0.016653850938192966
1964,DEN,2.4284151772857863,0.060673092107857714,0.3564581629658059
1964,ETH,-0.05671437632913312,-0.0027863874261659463,-0.008401106972790366
1964,FIN,4.383612381923928,0.18810664796781207,0.539526981138234
1964,FRA,6.8858858812328885,0.3383048016984903,1.0200070535016772
1964,GBR,7.8123320699550485,0.003437921171428907,0.8510641081794605
1964,GHA,-0.5580109665734446,-0.00038307389009618626,-0.09483069052047031
1964,HUN,7.268987403420149,0.17618736781143018,0.40297892697922605
1964,IND,0.1824945672210712,0.00896599064225593,0.027032940859295803
1964,IRI,-1.395578987769277,-0.0009580633783313115,-0.2371704626141978
1964,IRL,0.388131573951471,0.00026645188143121584,0.06596068424359637
1964,ITA,7.905010087266271,0.19160343009301903,0.4382388228142586
1964,JPN,8.358515789458293,0.20868089352898572,0.29157613219040557
1964,KEN,0.004967416317146494,3.4101256181783713e-06,0.0008441832646234433
1964,KOR,3.1872092566420624,0.002188015507992263,0.541647517246098
1964,MEX,0.36226048643640885,0.00024869140945291227,0.06156404467818748
1964,NED,4.514511100904289,0.11279345904651181,0.6626685373938838
1964,NGR,-0.02436150990806732,-1.6724148678307084e-05,-0.004140095706164289
1964,NZL,1.6749033224452385,0.07187233318221628,0.20614403248415666
1964,PAK,0.3963399583713686,0.00027208692794373135,0.06735565102601694
1964,PHI,0.3275738988809144,0.00022487910678323648,0.055669262591940875
1964,POL,5.955948378678044,0.3456218357397515,0.4382678995631013
1964,ROU,5.23225533505962,0.1307260442305095,0.7680235827664238
1964,SUI,1.1763146769488317,0.05779254991791216,0.17424762598745355
1964,SWE,5.515614185388333,0.13780566462918706,0.8096167898065677
1964,TCH,4.815028897136909,0.3638888235353129,0.44499082224724984
1964,TTO,-0.1387297194256947,-9.523779365608333e-05,-0.023576302038713033
1964,TUN,-0.16588927503699563,-0.000113882797508235,-0.02819190919902462
1964,TUR,1.366753532836486,0.03414785237803225,0.20062074150205514
1964,URS,12.306945257167463,0.15778134945086492,0.22576240123684432
1964,URU,-0.9498230482419363,-0.0006520524358640296,-0.16141685546100393
1964,USA,11.81758194815452,0.0,0.17849949495663298
1964,YUG,1.4903061762170404,0.037234771362114796,0.21875658116445845
1968,ARG,-3.4159411044178323,-0.005881103766573026,-0.5072154973226479
1968,AUS,7.008294443856507,0.1972315509528098,0.7441092692285349
1968,AUT,-0.9275898978015177,-0.0015969983893282945,-0.13773304543113446
1968,BEL,-1.762532280505801,-0.0030344888617029574,-0.2617093386205584
1968,BRA,-0.6139720747216224,-0.0010570537871821334,-0.09116555048896818
1968,BUL,5.112555948273325,0.2523270080639921,0.7050147508406931
1968,CAN,3.5618545008524305,0.0929946503723957,0.5340965096483923
1968,CMR,-0.17741695043554684,-0.0003054524254270534,-0.026343729004066053
1968,CUB,3.2678866349964313,0.005626203675747085,0.4852316518631066
1968,DEN,2.650791573931537,0.0692081710718,0.39748353760755106
1968,ETH,0.20439435350462837,0.005336428379571886,0.030648728288181267
1968,FIN,2.9671251114969004,0.0774671627627615,0.444917434263901
1968,FRA,8.053128817460209,0.2874406478569975,0.644016648562871
1968,FRG,8.819436390890793,0.24820177460293047,0.9364081975160323
1968,GBR,7.119802242022027,0.2003696691000571,0.7559486670835955
1968,GDR,11.340340890412905,0.5018199627464944,0.7194778208419064
1968,GRE,2.971170404144644,0.005115357941138555,0.44117378728208356
1968,HUN,7.406927502189342,0.2516290701963278,0.4249876435682409
1968,IND,-1.4970356048418334,-0.0025773927199572457,-0.2222871049613632
1968,IRI,1.5632139055096932,0.07715144669947414,0.21556514456840986
1968,ITA,7.1208838839209765,0.23962629611213992,0.9444540730253085
1968,JAM,-0.6594765696036334,-0.00113539725039363,-0.09792227851690316
1968,JPN,8.092303179814897,0.18797452217920782,0.42168329224841894
1968,KEN,2.902333868793481,0.0976670208919134,0.38494112365050387
1968,KOR,2.3224759623677116,0.003998523895037668,0.3448524913818724
1968,MEX,-0.6050941721473783,-0.020362145715944233,-0.08025459546375754
1968,MGL,0.04872107062122434,8.388132675103186e-05,0.0072343407892121
1968,NED,4.376349181310121,0.1472694067064748,0.5804421019421845
1968,NOR,-1.481776458179507,-0.038686949066973994,-0.22219089359305083
1968,NZL,0.08218900586846764,0.0021458310167817786,0.012324158989457405
1968,PAK,-0.14545726422791072,-0.00379766984523441,-0.021811170868585045
1968,POL,5.942625380565192,0.16724086436862645,0.630961308012339
1968,ROU,5.761168639863871,0.5971943102297916,0.6504545238555983
1968,SUI,1.427921614719512,0.002458401632228715,0.21202472460986696
1968,SWE,5.334433719187305,0.2632776469728026,0.7356114040530336
1968,TCH,4.738180416686769,0.16912006246353736,0.3789169577946986
1968,TUN,-0.032925795449530594,-0.0008596428729273835,-0.004937190001102683
1968,TUR,0.19077460434762783,0.009415561534517076,0.026307567391277015
1968,UGA,-0.14261589852477735,-0.0002455366976036339,-0.021176300083982098
1968,URS,12.312411106338445,0.1465763226945053,0.23399152328787992
1968,USA,11.81231425347566,0.0,0.14086235055252067
1968,VEN,0.21703489530885142,0.00566645386638502,0.03254416485250033
1968,YUG,2.2812883746146264,0.07676809402930201,0.3025708791594136
1972,ARG,0.3092188138188096,5.761841251282167e-05,0.05716019746659
1972,AUS,7.741509353010811,0.3795559627285597,0.4957097269639075
1972,AUT,-2.022792014060173,-0.0003769177665950633,-0.37392029782919856
1972,BEL,-1.7829974157338,-0.00033223554330443476,-0.3295934135025912
1972,BRA,-0.7041158170100883,-0.0001312017050329357,-0.1301583129519067
1972,BUL,5.9959660853941985,0.2578605452603366,0.4814995304142717
1972,CAN,2.430137766462116,0.00045282070182523903,0.4492196088799008
1972,COL,0.19952411742148782,3.717840697294804e-05,0.03688274270996374
1972,CUB,5.327475288640982,0.20596588010679706,0.6051209848111851
1972,DEN,0.9697964538009665,0.07719081457872319,0.12233213604650153
1972,ESP,0.49082028116684706,9.145719524848081e-05,0.09072987456883391
1972,ETH,0.13318055208365145,2.4816251941053067e-05,0.024618898707346116
1972,FIN,5.027468975661079,0.19436731588215406,0.5710447844115242
1972,FRA,7.357015202987618,0.2717834231061799,0.9129112786990029
1972,FRG,9.700889167205364,0.19713527135625264,0.41080561633227225
1972,GBR,7.536332445391463,0.4304440486633258,0.7508460387817852
1972,GDR,11.196632026053454,0.2330473825959322,0.30919019108373225
1972,GHA,-0.32802904542127365,-6.11234246126597e-05,-0.06063733567661871
1972,GRE,-0.29307674208373835,-5.461057305908168e-05,-0.05417627809732034
1972,HUN,7.492972074690396,0.3222402924370634,0.6017149670274498
1972,IND,0.24285462009494474,4.525241368228784e-05,0.04489254023345046
1972,IRI,0.12416832635382927,2.3136955221210422e-05,0.022952956729339655
1972,ITA,7.945187031938015,0.6309845575318027,0.6992954878297504
1972,JAM,0.11209066332651936,2.0886459004941497e-05,0.02072035776470973
1972,JPN,7.968658638974445,0.16193398935534078,0.3374504818168574
1972,KEN,2.5185442601385244,0.09304025632390982,0.31251905800730256
1972,KOR,0.31837222297684,5.9324016703759005e-05,0.05885223770341754
1972,LIB,0.34225513626862464,6.377424899415365e-05,0.06326707916463531
1972,MEX,1.1567230879478207,0.00021553846359276165,0.21382437667587753
1972,MGL,0.2180175027479199,4.0624379394022345e-05,0.04030131075900879
1972,NED,4.347997065350701,0.1680982067014292,0.4938670052118314
1972,NGR,0.002918118357188522,5.437487622090414e-07,0.0005394245565715017
1972,NIG,-0.021905019753969412,-4.081680699497406e-06,-0.004049220806403216
1972,NOR,-0.024380639976538585,-0.0009006714825942142,-0.0030253248909208933
1972,NZL,-0.8313836589385475,-0.06617386731966404,-0.10487245903353422
1972,PAK,-0.9193325555917368,-0.00017130420290529258,-0.16994189249390348
1972,POL,6.877033307101131,0.39283700898565677,0.48824858826850936
1972,PRK,1.3472222826919513,0.10723197121624181,0.16994141288639336
1972,ROU,6.112165483955804,0.2363028404740821,0.694249977070052
1972,SUI,-0.6105354684922577,-0.0001137643730109797,-0.11285965271124665
1972,SWE,7.139569540845148,0.4077825973234539,0.7113164854648626
1972,TCH,3.859078747285561,0.14256238474913802,0.47886220383967
1972,TUN,-0.7346701245059134,-0.00013689505425576025,-0.13580638535845715
1972,TUR,0.3212757468643736,5.986504599957272e-05,0.05938896442036831
1972,UGA,-0.34741806068551573,-0.027652692478476584,-0.04382403472215077
1972,URS,12.425040047256068,0.0,0.1324210617281259
1972,USA,11.75841785236888,0.1250895516209455,0.19418328849660482
1972,YUG,0.5325236834009824,0.019672530987982276,0.06607936280377319
1976,AUS,4.00576258127075,0.005530638672365927,0.5453727135834922
1976,AUT,1.8835941689463138,0.002600623112943629,0.2564457684065778
1976,BEL,0.040282670511750676,5.561709932588851e-05,0.005484366305207716
1976,BER,-0.17697518732889594,-0.0002443444400990674,-0.024094647696241787
1976,BRA,-0.9835750337722706,-0.0013579931432753244,-0.1339108282875794
1976,BUL,5.7576853010129,0.24984038781515544,0.4279216128586325
1976,CAN,3.800286029506292,0.005246943236004743,0.5173976895175346
1976,CUB,5.717998606716489,0.24811828273720465,0.4249720257685982
1976,DEN,-1.4250164815802837,-0.048979943600893604,-0.17186992089012917
1976,ESP,-1.4275217830692042,-0.001970937373073852,-0.19435286359008908
1976,FIN,4.132337782841329,0.13287628075110022,0.3884688867535914
1976,FRA,7.110520096111607,0.2594698335167032,0.7900577884568452
1976,FRG,9.595524955227178,0.34137925321481305,0.4821871836797577
1976,GBR,7.406598237006836,0.8313959274588872,0.7156133562325445
1976,GDR,11.187703823285828,0.13984629779107288,0.1532562167573401
1976,HUN,6.6511505058552665,0.21386928861516583,0.6252550416785209
1976,IRI,-0.7083395386073169,-0.0009779835838759799,-0.0964383306476946
1976,ITA,7.035404369987023,0.2567287871953954,0.7817115966652248
1976,JAM,0.2838228882255734,0.009755416332107955,0.0342316162491269
1976,JPN,7.970722352335631,0.3678794931847215,0.4367519097170209
1976,KOR,3.6712884882858394,0.12618766549242857,0.4427907116883268
1976,MEX,,,
1976,MGL,-1.285352611238963,-0.0017746485756750972,-0.17499695183648237
1976,NED,2.5367682705358185,0.0035024413991618796,0.3453734881600842
1976,NOR,-1.1267770226963312,-0.03872900821557256,-0.13589953537721466
1976,NZL,-0.3896242895740121,-0.014217771440533156,-0.04329158773044579
1976,PAK,-2.172151907002446,-0.002999026301581287,-0.29573204996629626
1976,POL,6.494879302352755,0.3684594988834737,0.4287049044457264
1976,POR,-0.8280695833302322,-0.0011432913379312872,-0.1127392216923393
1976,PRK,-0.6375457324457363,-0.02191339849175161,-0.07689380159152556
1976,PUR,1.6856405072196554,0.0023273143097707278,0.22949496354249904
1976,ROU,5.524700473580055,0.17764802631608767,0.5193607965762683
1976,SUI,0.47739173727525513,0.016408666615100667,0.05757777624305806
1976,SWE,5.482664868995028,0.17629636169187057,0.5154091533720354
1976,TCH,3.4735901823662885,0.12675470347333773,0.3859544647073654
1976,THA,1.4948807990058255,0.002063937986793053,0.20352359414647042
1976,TTO,-0.1109712506247437,-0.0038142475312938013,-0.013384139981877726
1976,URS,12.445549097526708,0.0,0.13744394365021212
1976,USA,11.569079911439626,0.28181092091968324,0.1868995139166337
1976,VEN,-1.5351761788348013,-0.002119572633499726,-0.20900969078758355
1976,YUG,1.7973680973085953,0.06558771998013557,0.19970756636762169
1980,AUS,5.4673175655831745,0.14399142919773741,0.580268932406809
1980,AUT,,,
1980,BEL,3.9038024767782575,0.16912832392391336,0.404581897974058
1980,BRA,-1.8900693948383487,-0.049778303561309065,-0.20060084982472515
1980,BUL,6.287437565180145,0.0868585403389414,0.3704719104062375
1980,CUB,6.008346502825927,0.0830030042725507,0.35402715083991154
1980,DEN,-0.6131106613528499,-0.016147348187767127,-0.06507195981261837
1980,ESP,-0.7763153152919635,-0.03363308182030543,-0.08045569045961551
1980,ETH,0.4015368284089084,0.010575178980289982,0.04261675747711947
1980,FIN,3.7905427351418126,0.17680190416436858,0.34319400225785074
1980,FRA,7.166288216432151,0.3471558305538066,0.49086910451405646
1980,GBR,7.101413895015446,0.004711243185547619,0.562329154582671
1980,GDR,11.198593521673745,0.15997990745248208,0.12570582849858275
1980,GRE,-0.5851719013928669,-0.0253519852704286,-0.06064598808851625
1980,GUY,1.013832740419584,0.0009416403161791799,0.11239322235420725
1980,HUN,7.620567052714914,0.5059031908945195,0.4679295558684596
1980,IND,,,
1980,IRL,0.3787052554522471,0.00035173862735502826,0.04198316180352966
1980,ITA,7.192108791492309,0.09935622662043743,0.4237774540441596
1980,JAM,-0.06400905303780317,-5.945113285244876e-05,-0.0070960262417474095
1980,LIB,,,
1980,MEX,-2.830177601819488,-0.002628647927386521,-0.31375272056369885
1980,MGL,-1.488699553715497,-0.001382693083946282,-0.16503682835307545
1980,NED,0.0893080477710755,8.294865118056546e-05,0.009900665929372622
1980,POL,6.258079183119642,0.29189495892744616,0.5666036215315271
1980,PRK,-0.03239678515369908,-3.0089893331609047e-05,-0.003591498806631798
1980,ROU,6.6720751629955215,0.3232147137783298,0.457017002609568
1980,SUI,0.2659021659374208,0.007003001461104844,0.02822129208744936
1980,SWE,6.29322272702976,0.2935341557170744,0.5697855018929384
1980,TAN,-0.2778628091079078,-0.0002580769124841248,-0.030803795579835928
1980,TCH,3.4061504852430393,0.08970696699971135,0.36150878049061896
1980,UGA,1.0408919208009761,0.0009667726818584916,0.11539299574490458
1980,URS,12.606048095718538,0.0,0.08228490924098263
1980,VEN,,,
1980,YUG,0.8753899296936342,0.023054934265273143,0.0929087388558917
1980,ZIM,4.105985254989735,0.17788768985202963,0.42553569690037435
1984,ALG,-0.30413013582253495,-0.00021834984110335844,-0.04856900886041388
1984,AUS,7.509814036999728,0.49076480208870654,0.6467548433981044
1984,AUT,,,
1984,BEL,-1.565065423912923,-0.07429402830777117,-0.1784309502693828
1984,BRA,1.2242719171653416,0.058116479401152346,0.13957755262510035
1984,CAN,6.472709903117747,0.2130933301437942,0.33742927211128726
1984,CHN,10.38707373016512,0.32365519593992764,0.3768181321668735
1984,CIV,0.23396069698239877,0.0001679717824489017,0.03736308187281176
1984,CMR,,,
1984,COL,,,
1984,DEN,0.7230719070505355,0.0005191285486516665,0.11547321926935344
1984,DOM,,,
1984,EGY,2.55856267709618,0.0018369167938126422,0.4085976320555107
1984,ESP,-2.525003551167608,-0.11986251976524802,-0.2878721721051002
1984,FIN,4.900174766058958,0.32022541269554017,0.4220093530720698
1984,FRA,8.171450986485203,0.4728008266254404,0.6490536894670679
1984,FRG,9.921536488958992,0.21089256305033605,0.31870857436600114
1984,GBR,7.851943524013296,0.0030637460796038504,0.6814894379332295
1984,GRE,-0.012946900802368945,-9.295210832470013e-06,-0.002067595630023599
1984,IRL,2.1809497895669825,0.0015658101053301413,0.34829356639424414
1984,ISL,-0.8084324900173131,-0.0005804130697560198,-0.12910514331144413
1984,ITA,8.181522017715768,0.33200379202324853,0.3162605149705255
1984,JAM,0.05407960087115915,3.882638011262709e-05,0.00863641022214134
1984,JPN,7.796804650773429,0.25668492677443394,0.4064557438047936
1984,KEN,0.5565576033478928,0.026419921944639546,0.06345236469203347
1984,KOR,6.900712576148983,0.5561685417653085,0.4944435802225128
1984,MAR,0.6663073072458708,0.0356062820946657,0.06760194966111731
1984,MEX,-7.601291813310874,-0.4061995683453421,-0.7712089315768033
1984,NED,5.061093242032774,0.2928352715349006,0.4019997485038044
1984,NGR,-0.26780996677809765,-0.00019227382230222397,-0.042768746392638085
1984,NOR,-1.9594031564706464,-0.001406750984132772,-0.3129129871012745
1984,NZL,1.8493460567059483,0.12284303516766566,0.11164031313447982
1984,PAK,-1.274241481981823,-0.06048854654050616,-0.14527451378628975
1984,PER,3.0303177986616245,0.0021756127785262946,0.48393603486550923
1984,POR,-4.463661154623236,-0.2118910577864303,-0.5088958514645888
1984,PUR,-0.29597058926396513,-0.00021249170511259037,-0.04726594467038115
1984,ROU,6.42504808048224,0.06983747913567652,0.1748829655042503
1984,SUI,0.6527356960639707,0.00046863075614849185,0.1042406590846311
1984,SWE,6.720580522102834,0.3591359171776397,0.6818540652459529
1984,SYR,-0.40871897672611607,-0.00029343926534182695,-0.06527164941528013
1984,THA,-0.2257759164547403,-0.00016209552976237767,-0.03605598786552683
1984,TPE,2.3573360164652604,0.0016924463707955716,0.3764621140256974
1984,TUR,-0.5569861363063093,-0.0003998874824763247,-0.08894963505087929
1984,USA,12.064223432252223,0.0,0.0754013964515764
1984,VEN,-1.5655635003093153,-0.0011239943079143803,-0.25001753710600083
1984,YUG,3.1720440098276597,0.23292303840280398,0.20844860636010334
1984,ZAM,0.5297627553350426,0.0003803424910097742,0.08460211247463774
1988,AHO,0.034938445662812956,2.5245844607968074e-05,0.005216100170415365
1988,ARG,-4.768855525179232,-0.003445882702064994,-0.7119614981627358
1988,AUS,6.952787370371538,0.22918025800209954,0.7427996365044102
1988,AUT,2.7925291781814683,0.10202658323198552,0.33689092729359915
1988,BEL,-0.6353303088420588,-0.00045907738445361674,-0.0948510006485016
1988,BRA,0.3581463595168742,0.013085073432348732,0.043206803390695256
1988,BUL,5.889788148705814,0.3129671741763285,0.3109515482235989
1988,CAN,4.908800786172507,0.16180564293537533,0.524430742004218
1988,CHI,-1.642084706004405,-0.001186538626274151,-0.2451533876889828
1988,CHN,10.298127651802073,0.41087427671985816,0.8961334902086715
1988,COL,1.4297555013681926,0.001033113652601533,0.2134539122407685
1988,CRC,-1.6165420919354188,-0.001168082027721077,-0.2413400287638632
1988,DEN,-0.022047572885182522,-0.0010410128997287021,-0.0024582363286333904
1988,DJI,0.1517504152022976,0.00010965191292036989,0.022655425894913102
1988,ESP,-1.4734464625457298,-0.05383317364178585,-0.17775669058819307
1988,FIN,2.662935539879363,0.09729180866709596,0.3212567411514946
1988,FRA,8.14002931650161,0.3679293251058725,0.6320064552901699
1988,FRG,9.414037470521398,0.23095771927679154,0.4663983135395458
1988,GBR,7.522963505090086,0.30015089086634933,0.6546412872779964
1988,GDR,10.829804788393373,0.10617455674895464,0.16065155445260676
1988,GRE,1.5129688417636404,0.0010932420017905017,0.2258771643569756
1988,HUN,7.063725077409362,0.17329672189910963,0.34995712240650956
1988,INA,1.428641424205667,0.0010323086420066757,0.2132875872092148
1988,IRI,0.11553322605789604,8.348207302247973e-05,0.017248417000148526
1988,ISV,-2.380284537477581,-0.0017199475367579945,-0.35536219044766326
1988,ITA,7.599938470116038,0.3435172188492447,0.5900728346499049
1988,JAM,0.015437898070043882,1.1155126347386549e-05,0.0023047854942133015
1988,JPN,7.628302944756963,0.747872837721271,0.7073517276047365
1988,KEN,3.0060627092047416,0.11993576727541366,0.2615847810853641
1988,KOR,7.735800536286554,0.2199394270120687,0.34790637332505664
1988,MAR,-0.0998175228044322,-0.003646887874256338,-0.01204199335873507
1988,MEX,-0.47633880570455667,-0.00034419320154135713,-0.07111452379965286
1988,MGL,-0.6236736709646015,-0.00045065452353571206,-0.09311073459872164
1988,NED,4.705865549486689,0.22219528502826333,0.5246894844913785
1988,NOR,1.2878680220605905,0.060808835108294254,0.14359330955845317
1988,NZL,2.8617625293297935,0.0943304375461572,0.3057358226725866
1988,PAK,,,
1988,PER,-1.8553717159661174,-0.0013406556915368075,-0.27699585772172375
1988,PHI,1.6411976741431658,0.0011858976742195782,0.2450209591577531
1988,POL,5.622161495643839,0.26545972528598344,0.6268536544139928
1988,POR,2.574717550691805,0.094068716107589,0.31061411638911807
1988,ROU,5.298235286364372,0.32049129134184484,0.3661382108463184
1988,SEN,-0.29070864627607346,-0.00021006044118013055,-0.043401055502471995
1988,SUI,-0.22629592994810876,-0.0001635170590592786,-0.03378462368241482
1988,SUR,-0.2933849795519417,-0.010718980939981925,-0.03539398570568647
1988,SWE,4.256205394491376,0.003075451639890543,0.6354259115527534
1988,TCH,3.4055003313480863,0.11225331697766036,0.363825941092433
1988,THA,0.02837799039773375,2.0505386609975358e-05,0.004236663587676816
1988,TUR,-0.6721135803575818,-0.024556037832470044,-0.08108383221289751
1988,URS,12.508262927864672,0.0,0.12178721063785763
1988,USA,11.869798784401366,0.2280863295826145,0.1811369652915828
1988,YUG,2.574067088341119,0.08484731777281532,0.2749999382557813
1992,ALG,0.05139419951284168,0.0012716229797497453,0.007114639258404043
1992,ARG,1.2511541170094496,0.0011086877421439512,0.21239341219679933
1992,AUS,7.6801382435296235,0.32198375866450446,0.5512239330842801
1992,AUT,-2.344194673439985,-0.0020772659933008275,-0.39794578363819566
1992,BAH,-0.17226231763756836,-0.00015264715785340564,-0.029242905361191163
1992,BEL,-0.990680145798002,-0.0008778734123154644,-0.1681758735403427
1992,BRA,-2.3705797255593235,-0.06093000582672969,-0.30133956564318914
1992,BUL,5.620445440885991,0.26282492819880804,0.6229813228017805
1992,CAN,6.072678531702649,0.2545922738364991,0.4358522774536947
1992,CHN,10.611628009448197,0.2483154624104086,0.37128721026286016
1992,COL,0.8030563281537275,0.0007116139372208482,0.13632523076412864
1992,CRO,0.02650056395513181,2.34829986310428e-05,0.004498682558007714
1992,CUB,6.01903117229585,0.1846133305093386,0.24045098755305583
1992,DEN,2.121313991844198,0.052486693923887835,0.2936592835151649
1992,ESP,5.570907086350825,0.20990329450158451,0.23886323606760107
1992,EST,-0.9505713829389226,-0.02351954940237173,-0.1315901900035011
1992,ETH,0.2523515981280916,0.006243819228589657,0.034933720224876987
1992,EUN,12.326366997161792,0.0,0.14816493870182842
1992,FIN,3.548098161894571,0.08778895672741456,0.49117290889955106
1992,FRA,8.499967014949469,0.4865792857579482,0.5466783764801525
1992,GBR,7.723807447532121,0.1602829599437192,0.8967716512115945
1992,GER,9.671529369916781,0.15343515658249787,0.16162663637057695
1992,GHA,-0.3518778348338838,-0.0003118102213858074,-0.05973407512371707
1992,GRE,-3.324745287129481,-0.08545451879682917,-0.4226296588533639
1992,HUN,7.436244335363885,0.378497365033725,0.3700217887580745
1992,INA,0.39812966098717073,0.010232957914131613,0.050608810080512046
1992,IRI,0.30535087204793926,0.0002705811892316696,0.05183575128741735
1992,IRL,-2.054541963560116,-0.05083458441784673,-0.2844158494643146
1992,ISR,-1.1038525674632689,-0.0009781591204814075,-0.1873877967377144
1992,ITA,8.066531543032134,0.599337748173461,0.6314709036212025
1992,JAM,0.6874148727276959,0.0006091403391472712,0.1166941693501706
1992,JPN,7.58217478914096,0.35455989485286216,0.8404232955437673
1992,KEN,2.3232690345471,0.0597139991900572,0.29532560082007453
1992,KOR,7.310800112901992,0.3247526226778251,0.3372541718749431
1992,LAT,-1.2280144983165167,-0.0010881829847731645,-0.20846527696205133
1992,LTU,-1.2922546448747847,-0.031973660796108465,-0.17889033617468572
1992,MAR,-0.2508771345515883,-0.0062073372562181026,-0.03472960620917262
1992,MAS,-0.849395494642535,-0.0007526765570602877,-0.14419167467787955
1992,MEX,1.180109928225736,0.0010457332106563893,0.20033309327414453
1992,MGL,1.1884335398474533,0.0010531090295502461,0.201746092879951
1992,NAM,-0.05704285809996272,-5.054750385464129e-05,-0.00968348112242787
1992,NED,5.207062510716343,0.13383492050377485,0.661903051957461
1992,NGR,-0.07304185271883669,-6.472472549298773e-05,-0.012399438343543907
1992,NOR,2.1553550722404013,0.055398177793532566,0.2739809820665378
1992,NZL,2.4594516604418555,0.06085307833659469,0.3404686035270273
1992,PAK,-0.8319178541212415,-0.0007371890599213479,-0.14122470549558613
1992,PER,2.8810399141206884,0.0025529817581928993,0.4890795544020458
1992,PHI,2.7567205647030644,0.002442818400268554,0.4679753511181143
1992,POL,6.043379677356742,0.28260230376491985,0.6698601926112837
1992,PRK,2.308697231440026,0.0910232269116928,0.22967474528093837
1992,PUR,1.1087761747602298,0.0009825220866284709,0.18822361843218174
1992,QAT,0.045160024620298764,4.0017744457508856e-05,0.007666275156351724
1992,ROU,6.055321824002126,0.2387385079791002,0.6023979578536277
1992,RSA,-2.6468792245079293,-0.0023454844701000692,-0.4493289056265889
1992,SLO,-1.2959905663620372,-0.001148418756191437,-0.22000475786502696
1992,SUI,1.401982337451641,0.03468860249611065,0.19408024003039862
1992,SUR,-0.04396467212442403,-3.895850431938326e-05,-0.007463354515380938
1992,SWE,5.886366449061521,0.14564365073891714,0.8148657674370675
1992,TCH,3.5371997241329898,0.13945844813999736,0.35188912369480363
1992,THA,1.7647030421901808,0.0015637598956049447,0.29957244719038395
1992,TPE,-0.5468715884994977,-0.00048460043287505315,-0.09283582344957027
1992,TUR,1.5899665167094492,0.04086623541191149,0.20211082308965353
1992,USA,11.883727055845776,0.09583650851488529,0.1761815106318599
1996,ALG,-0.019352584335572128,-0.000561665908753362,-0.0030607520413360846
1996,ARG,-2.408859040337619,-0.0025033067166685937,-0.4291503981418794
1996,ARM,-1.2471742849920984,-0.01866346626763396,-0.2160617208893803
1996,AUS,7.624522030516258,0.1394484950318105,0.502286567988121
1996,AUT,-0.8305411166612097,-0.0008631053627430351,-0.14796509256863918
1996,AZE,0.7924263025477947,0.0008234961251010874,0.14117474602782076
1996,BAH,-0.29717341817478415,-0.0003088251330920703,-0.052942944602112234
1996,BDI,-0.0001362124124743407,-2.0383644820451112e-06,-2.3597574613147674e-05
1996,BEL,1.9750802450355938,0.05732233077778933,0.3123733134020496
1996,BLR,4.632977014140488,0.06933065511584238,0.8026215730726669
1996,BRA,3.7140024838249914,0.07978434408444099,0.5461389069096818
1996,BUL,5.105821713113469,0.10968345825480351,0.7508039914942897
1996,CAN,5.626682129576992,0.12087260173762977,0.8273957923180056
1996,CHN,10.584217583460175,0.20076010795695137,0.3837028031668707
1996,CRC,-1.134887496728594,-0.016983139219301537,-0.19660904535132753
1996,CRO,-1.1873548776317995,-0.017768292670123594,-0.2056985469109087
1996,CUB,5.540640920675349,0.10133540631235177,0.36500511131871266
1996,CZE,3.924266579418381,0.06999826876742388,0.5057158874406968
1996,DEN,2.5841472706801527,0.04609417620514543,0.3330161964845815
1996,ECU,-0.6356023134482588,-0.009511535379954406,-0.11011238068123909
1996,ESP,4.768314251113685,0.3202913294956603,0.504340930406255
1996,ETH,0.849409311126017,0.024652224445302094,0.13434026370214883
1996,FIN,3.1395895949912673,0.04698270739338193,0.543905642493666
1996,FRA,8.44089983806686,0.21058977723133315,0.3275954070217481
1996,GBR,6.564121512772194,0.07909385342028542,0.9156473849338025
1996,GEO,-0.6825082824229771,-0.0007092683876313167,-0.12159229586796368
1996,GER,9.466639612824283,0.1213256956530795,0.2699745371064703
1996,GRE,2.5879857047176924,0.04616264345423979,0.33351085122742125
1996,HKG,0.4680942466867768,0.007004843900519915,0.08109311560910179
1996,HUN,7.108070564100342,0.18643097356719315,0.5853298663132073
1996,INA,0.08046512121609213,0.0012041284795630048,0.01393985810221512
1996,IND,1.2093608008449617,0.0012567779869786773,0.21545373161688033
1996,IRI,0.6643043145090168,0.00994104939019111,0.11508474406042428
1996,IRL,-0.6885897321747815,-0.01479231108867363,-0.10125616374167358
1996,ISR,0.5286158576165875,0.0005493420763730798,0.09417558352790706
1996,ITA,8.194996889304758,0.25206757349194403,0.36858338812877706
1996,JAM,1.2935038242931505,0.019356769364358477,0.2240878966290933
1996,JPN,7.0997999899979,0.1525181762262373,1.0440157276958715
1996,KAZ,3.9853453636872858,0.08561334225718872,0.5860395005283213
1996,KEN,1.9753451827957218,0.029560253630690248,0.3422107757362037
1996,KOR,7.0672339825533586,0.18535990884065387,0.581967087257762
1996,LAT,0.6594994817063903,0.000685357447052474,0.1174931618701078
1996,LTU,0.9057355457442121,0.0009412480503089949,0.16136135969703827
1996,MAR,-0.326613065360048,-0.00033941906378753166,-0.05818776636177058
1996,MAS,0.28354114622126436,0.00029465836061877686,0.05051428653683523
1996,MDA,-1.048819426096259,-0.0010899420306267817,-0.18685247528018994
1996,MEX,0.9273312293351836,0.0009636904676024335,0.1652087397454418
1996,MGL,-0.7364468591995713,-0.0007653218134529738,-0.13120172560679863
1996,MOZ,-0.23182385238005385,-0.00024091331083683516,-0.04130058956614601
1996,NAM,-0.13229325827555724,-0.00013748027446419594,-0.023568711788334706
1996,NED,5.263158734495443,0.09388047223780327,0.678257436463734
1996,NGR,0.4116129443489075,0.011946154293069068,0.06509958245424328
1996,NOR,2.424059451678295,0.07035295809544473,0.3833826421521716
1996,NZL,1.9876945679742128,0.042699731095145306,0.292287725533708
1996,PHI,-0.8359865270889778,-0.0008687642793797423,-0.1489352199251968
1996,POL,5.896884656021012,0.15466390457458618,0.4855920711881747
1996,POR,,,
1996,PRK,1.452728959431421,0.04216224133288361,0.2297596564358967
1996,PUR,0.8089514737089938,0.000840669222932553,0.14411878869052358
1996,ROU,5.766661677606773,0.10286159867858635,0.7431433030457867
1996,RSA,0.7369142141469881,0.015830419467481753,0.1083622116983505
1996,RUS,10.825416519090657,0.07029491246162765,0.23231802451783182
1996,SLO,-0.04860978072717968,-5.051569583460616e-05,-0.008660077822459386
1996,SUI,3.0112460169355004,0.05371245906783579,0.38805593884564815
1996,SVK,-0.7129253718949652,-0.010668644142054595,-0.12350790468575412
1996,SWE,6.1746824739386215,0.17920648647495815,0.9765709663887666
1996,SYR,-0.8065460631833792,-0.012069640486222288,-0.13972684690901868
1996,TGA,-0.19637263927630008,-0.00020407210992362684,-0.03498477699126151
1996,THA,-0.8324251311413285,-0.012456910427306789,-0.14421016253322044
1996,TPE,0.6271879725743499,0.0006517790530985468,0.11173670340725121
1996,TTO,-0.34340397544320805,-0.0003568683197573877,-0.06117915175489125
1996,TUN,-0.4210874900538901,-0.000437597686085144,-0.07501886203514166
1996,TUR,1.7169744016914779,0.030626164967161744,0.22126458936769197
1996,UGA,-0.21599559560839335,-0.00022446445234152886,-0.03848070572001695
1996,UKR,6.87621094353394,0.12576227909884444,0.45298949649125253
1996,USA,11.928563195474206,0.0,0.14524025396133997
1996,UZB,1.5502223399231414,0.0016110041853322384,0.27617993549892744
1996,ZAM,-0.014669360616805698,-1.5244523795853411e-05,-0.0026134206459447413
2000,ALG,0.12482014026149593,0.002333805583643033,0.020111380650183825
2000,ARG,-0.6396688559467835,-0.00045009066700449146,-0.11091385429720219
2000,ARM,1.2153461960498302,0.0008551549367082956,0.21073205246144452
2000,AUS,8.259570796916373,0.15471224020198002,0.2999285484913767
2000,AUT,-1.1947364908359706,-0.026328211329342054,-0.17780765191404221
2000,AZE,1.5162086388895688,0.03341244012403675,0.22565101171732235
2000,BAH,0.1622323062203659,0.0035750866198350235,0.02414435790226777
2000,BAR,-0.9102911695619937,-0.0006405088443301389,-0.15783776435291752
2000,BEL,1.1325987353372668,0.0007969312801416173,0.1963842540410377
2000,BLR,5.355969409357169,0.1238307376000517,0.7183800239534616
2000,BRA,2.707770754175952,0.0019052707248634613,0.46950744609001627
2000,BUL,5.302618558696378,0.24863011626203277,0.5303490269786086
2000,CAN,5.676587206414377,0.13124346445915877,0.7613835221301823
2000,CHI,0.5298375459167082,0.00037280998164699404,0.09186991647734986
2000,CHN,10.678856246258016,0.135130382070531,0.21357712492516034
2000,CMR,-0.40525066360939394,-0.007577112632026081,-0.06529515459214917
2000,COL,0.07722761340953685,0.0014439515530828215,0.012443135592786604
2000,CRC,-0.3131449089367421,-0.0002203383823084309,-0.05429701396406574
2000,CRO,0.6949446347498174,0.012993621586260941,0.11197148193373646
2000,CUB,6.42533505372304,0.19940321300135605,0.34536388785980193
2000,CZE,3.611064199825113,0.07957642719215305,0.5374196328702542
2000,DEN,2.55644718352432,0.05633600565178548,0.38046537829163324
2000,ESP,4.272822521436353,0.09878823496250709,0.5731007985101141
2000,EST,-0.10613845327321209,-0.0019845075832258872,-0.017101333414041905
2000,ETH,1.6619195032579799,0.05232251665535213,0.1925927287204105
2000,FIN,3.6850102290622564,0.08120596366287637,0.5484247121725726
2000,FRA,8.24300194025651,0.10141765886850114,0.3814300563167068
2000,GBR,7.551537546854249,0.0034742075574412247,0.8561336172305688
2000,GEO,1.3763798671234755,0.0009684631769796474,0.2386541014471963
2000,GER,9.22584770421745,0.11351008795346144,0.4269094724099404
2000,GRE,3.5845296246823675,0.1128524038747818,0.41539577593461957
2000,HUN,6.920467702819098,0.2606798988524648,0.48822037922021566
2000,INA,0.9103226432600722,0.01702061913491059,0.14667380724561122
2000,IND,0.1124760948069367,7.91416372128741e-05,0.019502523962762277
2000,IRI,0.8188666758556982,0.018932308367960567,0.1098321176346135
2000,IRL,-0.02494706818857934,-1.7553523915409042e-05,-0.004325637336391835
2000,ISL,-0.5762215088075292,-0.00040544716352908033,-0.09991255299774872
2000,ISR,0.5848163170510524,0.000411494734767135,0.10140282925611613
2000,ITA,7.913094821734588,0.09735865125852533,0.36616419908300296
2000,JAM,1.1311619005809863,0.0007959202790465706,0.19613511750839946
2000,JPN,7.7372305898044464,0.3627846355145278,0.7738502533021577
2000,KAZ,3.871564168671538,0.0895110875418663,0.5192812257980078
2000,KEN,2.487357904709979,0.05481349659044173,0.37018310891036
2000,KGZ,0.42263095834667763,0.0002973761316821542,0.07328108614287468
2000,KOR,7.091116612473979,0.26710789511202343,0.5002592007223062
2000,KSA,-0.2782843920717251,-0.00019580945121849496,-0.04825245785922183
2000,KUW,-0.9624595489160572,-0.0006772161194174337,-0.16688337595774316
2000,LAT,-1.0218112192217867,-0.019105159823190228,-0.16463716784283236
2000,LTU,0.17607150720214457,0.0038800588131783094,0.02620398849847964
2000,MAR,0.09668563228768595,6.803098247093014e-05,0.01676457440829575
2000,MDA,-0.2743421667426877,-0.00019303558031430313,-0.04756890510894071
2000,MEX,0.015056566271897399,0.0002815178573123676,0.0024259573410546553
2000,MKD,-0.5976576508991037,-0.000420530291935761,-0.1036294216846257
2000,MOZ,-0.11783522883899615,-0.0022032062649358854,-0.018985951595774698
2000,NED,5.858203327616175,0.24628643693358038,0.2870225248455161
2000,NGR,-0.061226650141700284,-0.0011447759766100595,-0.009865014286602344
2000,NOR,3.075278774701122,0.0968195659258551,0.35638087743393576
2000,NZL,0.6930833150718366,0.012958819844744583,0.11167158074409571
2000,POL,5.763287834705458,0.38114850615134993,0.5039646312859033
2000,POR,-1.352056906721226,-0.0009513487944843975,-0.23443667979058194
2000,PRK,0.8444823967202232,0.0005942037691529854,0.14642700928083213
2000,QAT,-0.5477671482986383,-0.0003854258009419069,-0.09497877708187741
2000,ROU,5.905275284969417,0.18326372953860232,0.3174105029927903
2000,RSA,0.47553005442415247,0.0003345975615143205,0.08245339862963245
2000,RUS,11.056623181615612,0.07087578962574109,0.1916481351480039
2000,SLO,-1.5232238281946984,-0.03356703269566864,-0.22669505310020907
2000,SRI,-0.3428814690474067,-0.000241261939943292,-0.05945311381909548
2000,SUI,2.966302574374607,0.05546199112056017,0.47793921775675613
2000,SVK,0.3219255348936047,0.006019153714120018,0.05186956976410728
2000,SWE,6.556760705906887,0.20642770035939417,0.759834897804524
2000,THA,-0.10711250806412805,-0.002002719824496018,-0.017258275928552835
2000,TPE,0.050042326846143195,3.521131919936897e-05,0.008676969805401709
2000,TTO,0.04146980584909194,2.9179429952921427e-05,0.00719055799093352
2000,TUR,1.4972541399094628,0.034616718347159584,0.20082218225769782
2000,UKR,6.447113457179033,0.14905813565681253,0.864731884335918
2000,URU,-1.1761432166170924,-0.0008275705154919027,-0.20393454542574072
2000,USA,11.721224270795094,0.0,0.17348301577267883
2000,UZB,1.3913484844186226,0.026014526621479194,0.2241780767797378
2000,VIE,-0.31487630361201924,-0.00022155664481566224,-0.054597225010702376
2004,ARG,0.26731467932916486,0.003930567405838271,0.041652629419447945
2004,AUS,8.160580485157578,0.16302529508020275,0.28449015062870253
2004,AUT,0.49258067988552545,0.007242855386626965,0.07675328781023291
2004,AZE,1.7381683355071504,0.022005161040459426,0.27542964793094277
2004,BAH,-0.051778449561747895,-0.000655513679403856,-0.008204798028978725
2004,BEL,0.08674098854924257,0.0010981384155049681,0.013744951768626635
2004,BLR,4.742592974390727,0.06973459673474793,0.7389847356879587
2004,BRA,3.92552732152907,0.2159077888794321,0.40241487950962634
2004,BUL,4.4966852113344595,0.0661187944124169,0.7006677044210917
2004,CAN,5.533217841988768,0.1549227781646095,0.7399748514344043
2004,CHI,-1.1391397810554533,-0.01674979355921141,-0.17749929512410853
2004,CHN,10.85860234316747,0.074373988651832,0.19100674001234344
2004,CMR,-0.7013215619710155,-0.00887871076526998,-0.11113121034027777
2004,COL,-1.55750797103821,-0.0016417184714564465,-0.2212142851189398
2004,CRO,0.8446116267242159,0.0106927588559988,0.1338369122454162
2004,CUB,5.774474199681783,0.14345818140836977,0.3932948162125741
2004,CZE,3.1823518908434245,0.040288483235421384,0.5042745532650791
2004,DEN,2.643571427746062,0.03887080094134714,0.411917898785344
2004,DOM,0.08529497790111402,0.0010798319623679055,0.013515817342701061
2004,EGY,0.2726052373117248,0.0034511744489735506,0.04319694646548265
2004,ERI,-0.004331920984649999,-4.5661369505859365e-06,-0.0006152667091471174
2004,ESP,4.811381593935059,0.1347123183342037,0.6434413901345094
2004,EST,-0.11751678893634634,-0.00012387062325879762,-0.0166910172772332
2004,ETH,1.2054239954193364,0.017724429793757514,0.1878276161283522
2004,FIN,1.4229982254975215,0.0014999361255864253,0.20210974263529566
2004,FRA,8.357168204958192,0.319594902815182,0.4587017135052241
2004,GBR,7.451006046962309,0.18510910953916532,0.5074820585396864
2004,GEO,1.1489383739660042,0.01689387105624203,0.1790260992650537
2004,GER,9.463448088401812,0.3060856497390236,0.4377894236079418
2004,GRE,4.231924204529673,0.332799721817402,0.38328842050951134
2004,HKG,1.790849898824145,0.0018876766046633472,0.25435605306060416
2004,HUN,6.5244468107453075,0.21154676425685343,0.4906824501744581
2004,INA,-0.06267043797257447,-0.0007934059388213678,-0.009930739338562276
2004,IND,0.549579262265187,0.0005792936172190091,0.07805724649816584
2004,IRI,1.290104085424587,0.018969557081691586,0.2010223588078253
2004,ISR,-2.5452901155351246,-0.03222329951759128,-0.40332592999365685
2004,ITA,8.174442003764858,0.360431304104358,0.4931688151031691
2004,JAM,1.195608400104115,0.01758010229512658,0.18629816269458566
2004,JPN,8.207985020985012,0.21550645603042837,0.3053939380896564
2004,KAZ,3.246425088284009,0.04109964806868584,0.514427573460169
2004,KEN,1.7424903015434832,0.02205987700593762,0.27611450540961113
2004,KOR,6.937901064187437,0.1723617830891636,0.47253488882000527
2004,LAT,-0.08581889907729381,-9.045890899764353e-05,-0.012188936918520757
2004,LTU,1.0689202327987326,0.013532499345225086,0.16938078859900227
2004,MAR,-0.1611817595751224,-0.0023699999273946197,-0.025115134408649924
2004,MEX,-0.9366036888512637,-0.0009872434716314163,-0.133026680647345
2004,MGL,-0.8212883292939246,-0.0008656933034472171,-0.11664833440318029
2004,NED,5.685059315778496,0.3431844617344585,0.6554102001943494
2004,NGR,0.700727625636061,0.0007386141887284869,0.09952498712725397
2004,NOR,2.3626405425121826,0.12994750861955748,0.2421997432103613
2004,NZL,1.4426538335804966,0.040392398457925825,0.19293069361449675
2004,PAR,-0.3443671128954888,-0.00036298616810660403,-0.04891077677558796
2004,POL,5.213620837414698,0.1459744849190455,0.6972341257423942
2004,POR,-2.5160762923716624,-0.00265211414746517,-0.35736062265587926
2004,PRK,1.2718633841792493,0.0013406298072325916,0.18064392255573614
2004,ROU,5.705205581786724,0.1849839251136834,0.4290699786240291
2004,RSA,0.5838561536469172,0.007391602080770263,0.09251767596742261
2004,RUS,10.965319047826746,0.1481236020539762,0.22297166866054385
2004,SCG,-2.2361007905651755,-0.0023570010813248996,-0.317595445440347
2004,SLO,0.059459944772663094,6.267479297713743e-05,0.008445150471575737
2004,SUI,1.8430045667487163,0.023332384707016672,0.29204196658352394
2004,SVK,0.788795596181986,0.011598368888690567,0.12290911497233345
2004,SWE,6.212443103005651,0.37502052730455837,0.7162103949445551
2004,SYR,-0.5947509456531994,-0.0006269076188060757,-0.0844730221051679
2004,THA,1.1646268287777428,0.0326080102016076,0.15574925643838064
2004,TPE,-0.04421381657081582,-0.0006501153873669824,-0.006889340014791741
2004,TTO,-0.18587126061957535,-0.00019592084762728057,-0.026399465560813358
2004,TUR,2.195463518566712,0.06147007353918928,0.29360633132006647
2004,UAE,-0.1946731508305655,-0.002464556479813183,-0.030847850751593325
2004,UKR,6.872678829899263,0.22283773788259054,0.5168718491141886
2004,USA,11.747065550094355,0.0,0.1814506528050969
2004,UZB,1.5783731983182285,0.02320823631207697,0.24594008110636964
2004,VEN,-2.10701056140259,-0.0022209312713196943,-0.29926064183673784
2004,ZIM,0.2742668158403946,0.0034722099852664604,0.0434602397149409
2008,AFG,-0.005796407530692051,-4.516681192747056e-06,-0.0011231393790148913
2008,ALG,-0.8354888205567583,-0.0006510302497844874,-0.16188827133449787
2008,ARG,-0.008951324007912848,-0.0001958933899727791,-0.0014484114895100075
2008,ARM,0.371331637476027,0.00028934932790339785,0.07195097696548848
2008,AUS,7.980007522473428,0.1790316325151357,0.3203924588854878
2008,AUT,-0.6712400929113533,-0.0005230442282426134,-0.13006265986828316
2008,AZE,1.9519838183514784,0.03100055279248104,0.35342911086289497
2008,BAH,-0.19248638424932907,-0.00014998939032415264,-0.037297073563218174
2008,BEL,-1.4201185348043865,-0.031078288943634434,-0.22978902344038774
2008,BLR,5.298754222274811,0.07631419410837283,0.7758470507591166
2008,BRA,4.093154836589783,0.05895080232293467,0.5993224020315576
2008,BUL,3.4889506857450123,0.05540998798604065,0.6317146316042428
2008,CAN,5.663129072049389,0.08156202630579988,0.8291990540243365
2008,CHI,1.1829262675025207,0.0009217607279240429,0.22920939676312924
2008,CHN,11.070141641515232,0.0,0.1222748755677254
2008,CMR,0.029007158516335417,0.0004606789976901352,0.005252079523766567
2008,COL,-1.2822459611648134,-0.0009991526970115436,-0.24845405105514695
2008,CRO,0.3834065710206344,0.000298758367029066,0.07429067328448027
2008,CUB,5.286333235245656,0.07613530345306072,0.7740283617333875
2008,CZE,3.2537618833216237,0.04686162171900658,0.4764179380948434
2008,DEN,2.636704923853809,0.057702420941868546,0.4266445614952037
2008,DOM,-1.1202268231191155,-0.017790952180631408,-0.20282994476569177
2008,ECU,-0.5427731027601737,-0.0004229400800728629,-0.10517028734645649
2008,EGY,-1.7594412990690198,-0.0013709932200537825,-0.34091768006063583
2008,ESP,5.1246408140077016,0.20729083431055376,0.5258302366870278
2008,EST,-1.506234187101526,-0.023921352214136427,-0.27272101566301615
2008,ETH,1.5495235367661224,0.0540380056939446,0.18587446603610747
2008,FIN,2.9910752627397437,0.04750294839388431,0.5415685625544248
2008,FRA,8.0234053520173,0.17080638844630663,0.637582795937768
2008,GBR,7.640646791227342,0.0038076312913093093,0.9468236657716879
2008,GEO,1.8869419730915316,0.027176285210662638,0.2762872749640673
2008,GER,9.526209532374097,0.1622452923092442,0.3333010658194354
2008,GRE,-0.4183308458148055,-0.00032597208764790066,-0.0810577661945586
2008,HUN,5.734095952084327,0.08258411188121402,0.8395900709062337
2008,INA,0.986849552693057,0.015672712739152835,0.17868045661275578
2008,IND,-1.4644847542088513,-0.023258305990967145,-0.2651618008746735
2008,IRI,-0.525392818569863,-0.008344058826584337,-0.0951284098644415
2008,IRL,-0.7243491161662265,-0.0005644278827269301,-0.14035331577588187
2008,ISL,-0.5182093590336305,-0.00040379950054568643,-0.10041070001081297
2008,ISR,0.9553123787464525,0.0007443992561660674,0.1851058515380865
2008,ITA,8.054576097686232,0.3063163002950441,0.5577242708542801
2008,JAM,1.9762434847443122,0.07993870704726992,0.2027788126133315
2008,JPN,8.044986933146037,0.2641308979418671,0.49846460824968236
2008,KAZ,4.018068005146598,0.0879325742173484,0.6501625747366815
2008,KEN,3.330991395364681,0.18876377367028987,0.2953250103106831
2008,KGZ,-0.1204614712927449,-9.386608152681428e-05,-0.023341185268041426
2008,KOR,7.289421511950777,0.20192993928454614,0.31533714790129114
2008,LAT,-0.9097061543615068,-0.014447555045689828,-0.1647127574828071
2008,LTU,0.05908596904216715,4.604101483805236e-05,0.01144877723436909
2008,MAR,-0.35671545878106276,-0.0002779600977514777,-0.06911887694903694
2008,MAS,1.104556656122074,0.0008606934982769416,0.2140241296483851
2008,MDA,-1.1520281779528183,-0.0008976842945086902,-0.22322243657686777
2008,MEX,-3.232350320300541,-0.07073769883243358,-0.523025793492229
2008,MGL,-0.027786547943726758,-0.0006080889338299087,-0.0044961343439179815
2008,MRI,-1.0037066205709149,-0.0007821090549903237,-0.19448294906320368
2008,NED,5.400776424451986,0.11497451211718514,0.42917464366562336
2008,NGR,0.029976492367519855,2.335830574092458e-05,0.005808387150908484
2008,NOR,2.5332173310987836,0.03648413023413873,0.37091533458993114
2008,NZL,2.430259500161971,0.03500130171152879,0.35584018180230315
2008,PAN,0.0003545289552723122,5.630473721685061e-06,6.419154311579566e-05
2008,POL,5.677810555897434,0.19800767905020464,0.6810867858994651
2008,POR,-5.7928490047403995,-0.09199949287591387,-1.0488619085159614
2008,PRK,1.584686634736106,0.034679745325785924,0.25641774635749187
2008,ROU,5.348867270711847,0.1865361275080182,0.6416281032532896
2008,RSA,1.3421694001656221,0.0010458462858433427,0.2600651004355499
2008,RUS,10.916147568464407,0.12543863142968675,0.25007690220776213
2008,SAM,-0.43247039789869945,-0.0003369899204405453,-0.08379751278120988
2008,SGP,-0.8932756261628364,-0.0006960589294775354,-0.17308531650773742
2008,SLO,0.12388879294252025,0.0019675475943519327,0.022431490222358002
2008,SRB,-0.004511452701841434,-3.5154176897465748e-06,-0.0008741604449258383
2008,SUD,0.03493590959858398,2.7222786700195332e-05,0.006769347324891986
2008,SUI,2.773132681756677,0.060688045857060266,0.4487199027363346
2008,SVK,0.6339854102850975,0.009130841634244054,0.09282855746097128
2008,SWE,3.651567784421147,0.0028453774943541428,0.707545070305968
2008,THA,0.4816619702572831,0.01054083128833892,0.07793760243333477
2008,TJK,0.29518436939019066,0.00023001379433001886,0.057196321614090904
2008,TOG,-0.21524015687899203,-0.00016771960276285106,-0.04170595232583246
2008,TPE,-0.6140238819976583,-0.009751658589971497,-0.11117608282546712
2008,TTO,-0.18198109584473524,-0.0028901441271847895,-0.03294976950811941
2008,TUN,3.098097219276888,0.049202624273567724,0.5609461181397342
2008,TUR,0.9465956227246942,0.015033417438978187,0.17139201982157848
2008,UKR,6.945785377759242,0.14786545902232562,0.5519493365771377
2008,USA,11.784652908993952,0.06851542388949972,0.17638011663304556
2008,UZB,0.5659738418816157,0.00044101857808957095,0.10966577245366595
2008,VEN,1.3547637313633485,0.0010556600504129997,0.2625054377040431
2008,VIE,-0.7380393477915332,-0.0005750955956817146,-0.1430059999021792
2008,ZIM,0.29396166917144606,0.004668570588772349,0.05322513966882136
2012,AFG,-0.3390204730500418,-0.0003400585465078025,-0.06647009274861743
2012,ALG,0.5546933284215313,0.007561162611716151,0.10348756127267375
2012,ARG,-1.8208969910294266,-0.02482109941278268,-0.3397195878786244
2012,ARM,0.7546467668514402,0.000756957479156233,0.14795991561741262
2012,AUS,7.749132786855174,0.1285964806998198,0.5611880238260394
2012,AZE,2.9555173524839202,0.056114970914826985,0.49292735160887174
2012,BAH,0.004213164710828762,5.7430695226086245e-05,0.000786038192318799
2012,BEL,0.9706733019325217,0.0009736454828802615,0.1903151860641104
2012,BLR,5.13144063902639,0.09742816836048121,0.8558323780462989
2012,BOT,-0.03119526662130743,-3.129078586236096e-05,-0.006116303971206137
2012,BRA,4.491448461188926,0.13635540112920488,0.6440934288454209
2012,BRN,-0.03160092920905023,-0.0004307601194896301,-0.005895695747957132
2012,BUL,2.234341005427606,0.002241182509931608,0.4380763572378414
2012,CAN,5.610967967230721,0.1065327205812407,0.9358089465198974
2012,CHN,10.868456348652167,0.06393209616854216,0.1491473667477291
2012,CMR,0.371269242935284,0.00037240606143862305,0.07279295197306451
2012,COL,0.44434609211545517,0.006056992010209196,0.0829003903200476
2012,CRO,1.0451248926211552,0.0317288342936371,0.14987549817767945
2012,CUB,5.376342988508906,0.23570664708927896,0.5680952101903716
2012,CYP,-0.8057347656972697,-0.00080820190836491,-0.15797649069641176
2012,CZE,4.262854990384849,0.10388329747571488,0.5325436128493711
2012,DEN,3.0701970283227467,0.05829233815945139,0.5120538672583528
2012,DOM,-1.405350546088354,-0.019156682550475885,-0.2621922660612601
2012,EGY,-1.6527390087635323,-0.0016577996603583107,-0.32404448679285
2012,ESP,4.984978030467612,0.12148101608359389,0.6227559267926911
2012,EST,-0.7249699752373713,-0.0007271898178391963,-0.14214133164423357
2012,ETH,1.3670541124526485,0.04150224888019019,0.1960415617178831
2012,FIN,2.0375731970331397,0.0020438122027045535,0.3994970515214229
2012,FRA,8.490302002350113,0.12834923661904937,0.44366163257955477
2012,GAB,-0.6955398282835326,-0.0006976695564030789,-0.1363711060881553
2012,GBR,8.487005173524695,0.0911897404615644,1.2480889961065729
2012,GEO,1.492073911285097,0.020338830293903414,0.27837199837408527
2012,GER,9.32353619048397,0.1409453694706572,0.48720237354804347
2012,GRE,-1.7899270170128894,-0.001795407735362945,-0.35094227131392475
2012,GRN,-0.1238037999946224,-0.0016876003653614286,-0.023097723879593735
2012,GUA,0.5320829645367957,0.0005337121912258009,0.10432291502790636
2012,HKG,0.7010896036998125,0.0007032363251133165,0.13745922352051954
2012,HUN,6.827668350117351,0.11330482330874607,0.4944560654892235
2012,INA,0.0777870384088929,7.802522066143834e-05,0.015251325712462717
2012,IND,0.19342274315285493,0.00019401499946701742,0.037923455068639804
2012,IRI,2.585213246099301,0.08307782079833,0.20937769822288863
2012,IRL,-0.06864885018663251,-0.0009357695374587467,-0.012807621303476215
2012,ITA,7.953055368002087,0.13198056598936336,0.5759559873485465
2012,JAM,1.952521572141345,0.04758181541807455,0.24392171315698755
2012,JPN,8.059802900616207,0.25900798011829995,0.6527674194797786
2012,KAZ,4.551944259366275,0.13819198656447898,0.6527687919082478
2012,KEN,2.322455802041668,0.04409533906915149,0.38734402515584143
2012,KOR,7.267973385148056,0.12622250696895781,0.3168090962756845
2012,KSA,-0.5392163522681593,-0.0005408674212382552,-0.10572152361295663
2012,KUW,-0.32679715982662466,-0.0003277978057599973,-0.06407352726587145
2012,LAT,-1.635029022355203,-0.022287486940005343,-0.30504272805134386
2012,LTU,-0.019701808311673518,-0.00037406865483293454,-0.0032859087038744498
2012,MAR,0.6115101744373154,0.0006133826055489913,0.11989582117529453
2012,MAS,-0.8316208149898716,-0.0008341672201883414,-0.16305184228770211
2012,MEX,-0.017699955178345366,-0.00024127248781664228,-0.0033022304437211507
2012,MGL,0.12758308405081392,0.00012797374073305167,0.025014593820003546
2012,MNE,-1.3072363728327039,-0.0013112391027252338,-0.25630346794345416
2012,NED,5.583294442142632,0.21207144057922458,0.5141646571897689
2012,NOR,0.9129501010617797,0.017333739666496796,0.1522637229956454
2012,NZL,3.2653253842222125,0.12402753703352412,0.30070327191044005
2012,POL,5.711534834660774,0.1733958722165637,0.8190591715379321
2012,POR,0.8425222485238001,0.0008451020336792421,0.16518923325873694
2012,PRK,1.7825652540175554,0.04344007876661578,0.22268966283288097
2012,PUR,0.7287330124939759,0.0007309643774356217,0.14287913202900887
2012,QAT,-0.3073996204072577,-0.00030834087148864415,-0.06027034619925203
2012,ROU,4.725785372864251,0.08972618906301448,0.788176346236016
2012,RSA,0.9125894326024092,0.022239273846767934,0.11400661635979539
2012,RUS,11.126583491107793,0.12934263722156117,0.3439125806342409
2012,SGP,-1.0947510909413358,-0.0010981031954326566,-0.21464251375986843
2012,SLO,-0.627591992560858,-0.008554862419324896,-0.11708805831359291
2012,SRB,-0.002312718548796074,-3.152524129385316e-05,-0.0004314773411932974
2012,SUI,0.9142035314100516,0.017357537939065873,0.15247277272478355
2012,SVK,0.12172067272427614,0.0001220933788280671,0.023865179387595525
2012,SWE,5.188114742759451,0.07072048140524095,0.967931854992435
2012,THA,-0.36687080869263944,-0.00036799415928413846,-0.07193057239631805
2012,TJK,-0.8461342952775621,-0.0008487251404431255,-0.16589742967110954
2012,TPE,-1.8636528905861252,-0.025403915705306618,-0.3476964348108443
2012,TTO,-0.013548947771195604,-0.00018468907424429458,-0.002527788763282762
2012,TUN,-5.591808186786966,-0.10616894314598656,-0.932613438354936
2012,TUR,-0.5117377771291836,-0.006975624816766267,-0.09547346588231037
2012,UGA,-0.3439051498436387,-0.004687856564588574,-0.06416140855291766
2012,UKR,7.1911600849220205,0.31527085156620976,0.759859184707523
2012,USA,11.893119952807327,0.0,0.1311854653501976
2012,UZB,-0.0005237369649851401,-5.253406364015237e-07,-0.00010268655555000372
2012,VEN,0.6673194807081472,0.009096397683308466,0.12449990311719164
2012,VIE,0.5743839928883296,0.0005761427444239397,0.11261667160429258
2016,ALG,-1.176972182042633,-0.0011613248576448918,-0.21563968935637773
2016,ARG,,,
2016,ARM,0.03368380366336802,0.00044249924837227767,0.006370220280051589
2016,AUS,7.5997752673729915,0.11729932275934433,0.5766767140554032
2016,AUT,1.8906171169825583,0.001865482198933767,0.346390589359912
2016,AZE,2.9087965914572242,0.038212439374460026,0.550106372268083
2016,BAH,-0.11251424207586273,-0.0014780832962724717,-0.02127849080909374
2016,BDI,0.08692886298758543,8.577318221666615e-05,0.015926725624231478
2016,BEL,1.0776145453572743,0.017380622324886134,0.18468007947247955
2016,BLR,4.131667001615813,0.054277110774393254,0.7813734216939474
2016,BRA,4.833230504071108,0.18679744835374273,0.4052098861330023
2016,BRN,-0.10787076251569065,-0.0014170825780714343,-0.020400324318164388
2016,BUL,2.18959257971046,0.002160482915169233,0.40116756445879215
2016,CAN,6.259829990008593,0.2548785219998846,0.7829225824145745
2016,CHN,10.904174465250488,0.06490580038839577,0.23223900990898605
2016,CIV,-0.5742650787307129,-0.007544037135602364,-0.10860397736595846
2016,COL,0.08076472598540461,0.002469996615613873,0.011754866059261862
2016,CRO,2.107973675296571,0.10424465964712894,0.22799384182367036
2016,CUB,5.539197966963628,0.27392742781901824,0.5991075884437806
2016,CZE,3.049304958084869,0.04005827742897778,0.5766790614914724
2016,DEN,3.207194656963992,0.05172817989070733,0.5496445521115789
2016,DOM,1.84789030253593,0.0018233234185803218,0.3385623695132302
2016,EGY,,,
2016,ESP,4.892355596430509,0.18908254863545132,0.41016683406304116
2016,EST,1.2579450579358542,0.0012412212349803302,0.2304751851058212
2016,ETH,0.9945247650285525,0.013064927744230521,0.18808273229808273
2016,FIJ,1.1902624971601685,0.01563630597134354,0.22510029965055345
2016,FIN,1.130653017652701,0.0011156214860511698,0.20715329488360662
2016,FRA,8.740143677807545,0.24758725994936753,0.5155702731290968
2016,GBR,7.938941685498454,0.005408774097263004,1.004323948165467
2016,GEO,1.7094569410759346,0.02757147776215787,0.29296434898066154
2016,GER,9.450523728092927,0.16469286187081053,0.31830152091411623
2016,GRE,1.7400259486053824,0.05321454572770173,0.2532513014306844
2016,GRN,0.09226359946319063,9.103699573123298e-05,0.016904132681041573
2016,HUN,6.379282795686239,0.09846153672949223,0.4840648191848636
2016,INA,0.12318826443351556,0.001618306381455304,0.023297142692117016
2016,IND,-1.9449994713395837,-0.0019191415639516047,-0.3563542861905926
2016,IRI,1.40264091661029,0.04289642878965561,0.20414674726902243
2016,IRL,-1.1016539768346199,-0.001087007974649864,-0.2018402176086694
2016,ISR,-2.6607970025583,-0.002625422883704181,-0.4874995754583341
2016,ITA,7.547698675579911,0.11649554255084683,0.5727251027540312
2016,JAM,1.8220291824337365,0.08032374259037978,0.17287325074295995
2016,JOR,-0.8494973249598725,-0.011159723276673972,-0.160655404044944
2016,JPN,8.257207538752228,0.1894941489099766,0.4023233371549809
2016,KAZ,4.24116558606627,0.06840488334748941,0.7268450494336831
2016,KEN,3.1494050286425845,0.13884080522554126,0.2988140313320525
2016,KOR,7.0335042014110725,0.2380818978102429,0.46229605079697195
2016,KOS,-0.36040377469209905,-0.004734572170221449,-0.06815891273726751
2016,LTU,-0.4701243216617337,-0.00046387422681621015,-0.0861341195898731
2016,MAR,1.2592201655533364,0.0012424793906062213,0.23070880473993408
2016,MAS,-0.1331096371176946,-0.00013134000338783745,-0.02438776483959423
2016,MEX,-2.0151129094832574,-0.0019883228749575147,-0.3692001633079005
2016,MGL,0.7070757298134461,0.0006976754708379456,0.12954731900611954
2016,NED,5.609298115117223,0.08657714825901107,0.42563779735306845
2016,NGR,0.14849214299615876,0.00014651800565678317,0.027206080208270048
2016,NIG,-0.06397957187304681,-6.312899177336361e-05,-0.011722056998759302
2016,NOR,0.6040953041511451,0.0005960641243701579,0.11067969635673244
2016,NZL,3.494948663752453,0.14230216336617696,0.43711638137119446
2016,PHI,-1.0827999779792667,-0.0010684046313671621,-0.1983858704980709
2016,POL,5.017293017598963,0.08092288231249159,0.8598566873646721
2016,POR,1.5857682111702172,0.0015646861244409086,0.29053750773829073
2016,PRK,1.6142628277597035,0.02603611157929581,0.2766501144630445
2016,PUR,1.5713858915377379,0.020643068783364478,0.2971776695440975
2016,QAT,1.0545799203764075,0.0010405597469439003,0.19321551511674104
2016,ROU,3.4286752190030563,0.045042009580749484,0.6484248819427919
2016,RSA,1.6657144345212755,0.026865963912845146,0.2854678191485019
2016,RUS,10.962988052966471,0.1289393316613957,0.3277192158182148
2016,SGP,-1.5735763611642817,-0.020671844665477283,-0.29759192721455835
2016,SLO,0.08542967234247753,0.0011222772278935797,0.016156305763830647
2016,SRB,1.5137100732628586,0.02441431698013584,0.2594175234854447
2016,SUI,2.758465874762736,0.0843611030907429,0.40147968672289336
2016,SVK,-0.06856089566724971,-0.0011058045188628311,-0.01174987078179622
2016,SWE,5.784881531980499,0.09330315884723599,0.9914049375705432
2016,THA,-0.011872971215343728,-0.00019149669931349783,-0.0020347732657015776
2016,TJK,-0.10068497362966776,-0.0013226839106048795,-0.019041360866548798
2016,TPE,-2.6887598328163245,-0.03532184835671346,-0.5084934167877777
2016,TTO,-3.274512659358273,-0.0032309794623913172,-0.5999418707008718
2016,TUN,-1.8175812922931665,-0.0017934173532182266,-0.33300928537652114
2016,TUR,1.2773827259998394,0.016780791795000683,0.24157632041422855
2016,UAE,-0.9211364414006299,-0.0009088903399777717,-0.16876658523376725
2016,UKR,5.843207281907109,0.09424388281542821,1.001400723334707
2016,USA,11.899766441541276,0.0,0.1376074313173826
2016,UZB,3.1414200503723033,0.12790770687026223,0.39290023885824893
2016,VEN,,,
2016,VIE,-1.6252552280174672,-0.02135074245171913,-0.30736534143369737
2024,ALB,-0.003222459326121464,-3.635108834977397e-06,-0.0005568766116569349
2024,ALG,-0.982831686198498,-0.01653505641471162,-0.15944833877198836
2024,ARG,-1.1707081690530445,-0.01260541436623015,-0.21322936160572184
2024,ARM,0.3356562909549678,0.0003786384947904712,0.058005119404660334
2024,AUS,7.956671843052028,0.12963117047669034,0.2535766522219131
2024,AUT,-0.7083839075338481,-0.01191777599239956,-0.11492368312418222
2024,AZE,2.1958967695159157,0.03694353516955644,0.3562482741763924
2024,BEL,2.389335462941324,0.04019194228135579,0.3420575689258523
2024,BOT,0.07767562126969497,0.0008363599214062551,0.014147610457918
2024,BRA,4.096675901980635,0.06891178068195372,0.5864806434436752
2024,BRN,0.4225146040262066,0.0071083410432515055,0.06854607219620802
2024,BUL,4.0007179675536415,0.0672976348988496,0.572743293340129
2024,CAN,6.249251777823766,0.31207249826835287,0.39441280505199083
2024,CHI,-2.798196712274238,-0.030129138899723063,-0.5096553644859986
2024,CHN,10.6156283006007,0.0,0.14368552231962262
2024,CIV,0.19102826950960142,0.00021549024516644006,0.03301179772631361
2024,COL,-0.5771053173802808,-0.0006510060874675009,-0.09973018157493331
2024,CPV,0.04454061141670733,5.024422457832602e-05,0.007697110267864169
2024,CRO,1.234954151030411,0.020776738116628037,0.20035107801927435
2024,CUB,3.9692922663923014,0.06677895358170184,0.643952638955649
2024,CYP,-1.009022505472352,-0.001138232093296349,-0.1743702486415355
2024,CZE,2.2051932911331926,0.03709441510040269,0.31569575217707424
2024,DEN,2.7079466280510704,0.04555820787183019,0.4393199745075643
2024,DMA,0.06718730924098701,0.0007234286866040578,0.012237299983180313
2024,DOM,0.41234876724183306,0.004439899892978352,0.07510399835084655
2024,ECU,-0.1336066065054788,-0.0014385879261692514,-0.024334716511386453
2024,EGY,-2.9011503057926378,-0.03123767537456597,-0.5284070308715679
2024,EOR,-1.6558907556643994,-0.0018679345513781577,-0.2861562365779492
2024,ESP,4.86550296549038,0.30462543535498443,0.4920171538136339
2024,ETH,0.48556818366968624,0.005228278336150237,0.08843996869321054
2024,FIJ,-0.25768382162970244,-0.0002906813218847634,-0.04453061433693014
2024,FRA,8.736994388264739,0.18761086576548502,0.3155415308763349
2024,GBR,7.630276753703904,0.16205302468760868,0.8804165485042966
2024,GEO,1.7843890633544865,0.030015903314614328,0.25545336537948643
2024,GER,9.220790955182752,0.2227300428512769,0.4502122217351852
2024,GRE,1.589284447616917,0.01711236799878238,0.28946762065337805
2024,GRN,0.07540540284599133,8.506138273602556e-05,0.013030887588592971
2024,GUA,-0.4411425099555308,-0.004749931946785892,-0.0803484064274105
2024,HKG,-0.08275663881948066,-0.0013922889450835836,-0.01342590879742416
2024,HUN,6.283751790482099,0.36714055405063944,0.5544486873954794
2024,INA,-0.0748457065772,-0.0012591962571330921,-0.012142489650603269
2024,IND,-0.09935354594081028,-0.00011207618656601129,-0.01716939157963311
2024,IRI,1.984125690710017,0.03337575090515055,0.2840476863688784
2024,IRL,0.1285418538857195,0.00282412988914086,0.015343192108375009
2024,ISR,-0.05730996143006282,-0.0006170759120293428,-0.010438268744007665
2024,ITA,7.834576840883024,0.1892457647042398,0.38252924971760915
2024,JAM,0.8707522266630409,0.009375686373046789,0.15859626362589116
2024,JOR,-0.03155436130402711,-3.559503036346916e-05,-0.005452942621663672
2024,JPN,7.961792411462159,0.08846436012735732,0.22647323547142678
2024,KAZ,2.8175211295512157,0.030337211495098628,0.5131750573251675
2024,KEN,2.3767442461262904,0.05221827958305586,0.2836962628002203
2024,KGZ,0.8092064188457536,0.0009128287139645788,0.13983981892495742
2024,KOR,6.246088985339448,0.1972859567154657,0.27912016319788996
2024,KOS,-0.08651738956479411,-9.759630622388496e-05,-0.014951161791151055
2024,LCA,0.15457390818169728,0.001664350018513984,0.02815363950961837
2024,LTU,-0.0003440497043273669,-3.8810672014813565e-07,-5.945559406578921e-05
2024,MAR,-2.162587593319704,-0.023285318611138965,-0.3938873787077173
2024,MAS,-0.30820164068207806,-0.00034766816074801937,-0.05326065219160335
2024,MDA,-0.08057437791816514,-9.089226686862756e-05,-0.0139241436494525
2024,MEX,-0.896330418880404,-0.0010111093096876328,-0.15489580971435551
2024,MGL,-0.6670903559659564,-0.0007525140897957332,-0.11528059146877126
2024,NED,5.935165732831329,0.15745601975364013,0.22925532873597412
2024,NOR,2.4903461552917103,0.0547141712902251,0.2972561723822996
2024,NZL,3.5940723962435253,0.16355048544703682,0.20629242070275336
2024,PAK,0.1446789439393305,0.001557807561810231,0.026351399665150592
2024,PAN,-0.009514109962432824,-1.0732431873085006e-05,-0.0016441434266877
2024,PER,-2.081439989052088,-0.002347977159043064,-0.35969585064264187
2024,PHI,-0.25707527193727986,-0.004325007205202935,-0.04170625105535906
2024,POL,4.007884047916969,0.043154255254460525,0.7299842774808296
2024,POR,-1.3255597671258303,-0.01427275436656455,-0.24143357873986387
2024,PRK,1.2574063433961278,0.0014184225293348513,0.21729372293711885
2024,PUR,0.5009760152866956,0.000565128107131862,0.08657419619009715
2024,QAT,0.09596039718220001,0.00010824853079675678,0.01658301794623272
2024,ROU,4.62046045535214,0.07772256462731811,0.6614657067577294
2024,RSA,0.3489782548962709,0.0037575679610484217,0.0635618785901195
2024,SGP,-3.2205065645195408,-0.003632906014015713,-0.5565391528547593
2024,SLO,-0.8948496082854195,-0.015054855234585555,-0.145174688093092
2024,SRB,0.8048796693684944,0.013539194356104397,0.11522667589050556
2024,SUI,2.1251801678028106,0.022882540095126948,0.3870740996402853
2024,SVK,-2.0043079441567238,-0.0022609680304603677,-0.34636658021141536
2024,SWE,5.695100340009835,0.1251242502397492,0.6797865127332694
2024,THA,0.1984970879590636,0.002137285884182344,0.03615367899955962
2024,TJK,-0.062150248390896404,-7.010884984348492e-05,-0.010740250297965968
2024,TPE,0.4073086908442396,0.006852518366966472,0.0660791619099171
2024,TUN,-1.105237748118694,-0.011900472001920393,-0.20130477063683713
2024,TUR,1.287983768902128,0.0014529155231506978,0.22257784024806357
2024,UGA,-0.08953619682883883,-0.00096406678593247,-0.016307860998236973
2024,UKR,5.679311180120238,0.09553390500815448,0.8130509112579344
2024,USA,11.690601485150859,0.0,0.1582355874809035
2024,UZB,2.8641603586975015,0.15536550260350365,0.20013542879097446
2024,ZAM,0.1217015989727421,0.00013728600205147032,0.021031382310957736
